Aritmētiskais_vidējais	Spektrālā_klasterizācija
Aritmētiskais_vidējais	Mērijumu_skala
Nosacījuma_varbūtība	Lēmumu_koka_modelis
Datu_analīze	Tuvākās_distances_klasterizācija
Standartnovirze	Hierarhiskā_klasterizācija
Mašīnmācīšanās	Lēmumu_koku_mācīšanās
Maksimālā_ticamība	Naivais_Beijesa_klasifikators
Mašīnmācīšanās	Pudurošana_pēc_vidējiem
Uzticamības_intervāls	Datizrace
Informācijas_izguve	F_mērs
Ticamības_funkcija	Paredzēšanas–maksimizēšanas_algoritms
Klasteru_analīze	Anomālijas_noteikšana
Ticamības_funkcija	Maksimālā_ticamība
Statistiskais_kopums	F_mērs
Statistiskā_klasifikācija	Vienvirziena_neironu_tīkls
Kopējais_varbūtības_sadalījums	Mākslīgais_neironu_tīkls
Mākslīgais_neironu_tīkls	Atpakaļizplatīšana
Nosacījuma_varbūtība	Maisījuma_modelis
Varbūtību_blīvuma_funkcija	Pastiprināšana_(mašīnmācīšanās)
Standartnovirze	Nestriktā_klasterizācija
Lēmumu_koks	Apcirpšana
Mašīnmācīšanās	Nejaušais_mežs
Paredzēšanas–maksimizēšanas_algoritms	Beijesa_tīkls
Statistiskais_kopums	Paraugatlase_(statistika)
Standartnovirze	Klasteru_analīze
Maksimums_un_minimums	Gradienta_samazināšanās
Nosacījuma_varbūtības_sadalījums	Beijesa_tīkls
Uzticamības_intervāls	F_mērs
Statistiskais_kopums	T_tests
Standartnovirze	Naivais_Beijesa_klasifikators
Datu_analīze	Spektrālā_klasterizācija
Korelācija	Tuvākās_distances_klasterizācija
Nulles_hipotēze	Datizrace
Nosacījuma_varbūtība	Beijesa_tīkls
Standartnovirze	K-medoīdi
Standartnovirze	Divkāršā_klasterizācija
Klasteru_analīze	Tuvākās_distances_klasterizācija
Izlecošā_vērtība	Anomālijas_noteikšana
Varbūtību_blīvuma_funkcija	Maisījuma_modelis
Uzticamības_intervāls	T_tests
Moda_(statistika)	Mērijumu_skala
Korelācija	Maisījuma_modelis
Lineārās_regresijas_analīze	Mazāko_kvadrātu_metode
Ticamības_funkcija	Puasona_regresija
Klasteru_analīze	Datizrace
Statistiskā_klasifikācija	Naivais_Beijesa_klasifikators
Kopējais_varbūtības_sadalījums	Vienvirziena_neironu_tīkls
Varbūtību_blīvuma_funkcija	Atpakaļizplatīšana
Informācijas_izguve	Precizitāte_un_pārklājums
Ansambļu_mācīšanās	Pastiprināšana_(mašīnmācīšanās)
Varbūtību_blīvuma_funkcija	Vienvirziena_neironu_tīkls
Aritmētiskais_vidējais	Tuvākās_distances_klasterizācija
Varbūtību_blīvuma_funkcija	AdaBoost
Kopējais_varbūtības_sadalījums	Mašīnmācīšanās
Nulles_hipotēze	F_mērs
Korelācija	Spektrālā_klasterizācija
Varbūtību_blīvuma_funkcija	Beijesa_tīkls
Standartnovirze	Statistiskā_hipotēzes_pārbaude
Standartnovirze	Pudurošana_pēc_vidējiem
Statistiskais_kopums	I_tipa_un_II_tipa_kļūdas
Klasteru_analīze	Spektrālā_klasterizācija
Izlase	Statistiskā_nozīmība
Korelācija	OPTICS_algoritms
Aritmētiskais_vidējais	Maisījuma_modelis
Datu_analīze	DBSCAN
Statistiskā_klasifikācija	Daudzklašu_klasifikācija
Standartnovirze	F_mērs
Nulles_hipotēze	T_tests
Iepriekšējā_varbūtība	Beijesa_tīkls
Aritmētiskais_vidējais	Pakāpeniskā_regresija
Izlecošā_vērtība	Datizrace
Mašīnmācīšanās	Daudzklašu_klasifikācija
Uzticamības_intervāls	I_tipa_un_II_tipa_kļūdas
Statistiskā_klasifikācija	Lēmumu_koku_mācīšanās
Nosacījuma_varbūtība	Lēmumu_koks
Mašīnmācīšanās	Apcirpšana
Nosacījuma_varbūtības_sadalījums	Ticamības_funkcija
Lēmumu_koks	Lēmumu_koka_modelis
Kopējais_varbūtības_sadalījums	Naivais_Beijesa_klasifikators
Statistiskā_klasifikācija	Jūtība_un_specifiskums
Statistiskā_klasifikācija	F_mērs
Ansambļu_mācīšanās	AdaBoost
Aritmētiskais_vidējais	OPTICS_algoritms
Ģenētiskais_algoritms	Mutācija_(ģenētiskais_algoritms)
Statistiskais_kopums	Uzticamības_intervāls
Statistiskā_hipotēzes_pārbaude	Statistiskā_nozīmība
Nosacījuma_varbūtība	Ticamības_funkcija
Aritmētiskais_vidējais	Daudzdimensiju_datu_klasterizācija
Statistiskā_klasifikācija	Nejaušais_mežs
Korelācija	DBSCAN
Standartnovirze	Anomālijas_noteikšana
Dimensiju_skaita_samazināšana	Galveno_komponentu_analīze
Datu_analīze	Maisījuma_modelis
Nulles_hipotēze	Precizitāte_un_pārklājums
Varbūtību_blīvuma_funkcija	Mākslīgais_neironu_tīkls
Mākslīgais_neironu_tīkls	Vienvirziena_neironu_tīkls
Mediāna_(statistika)	Starpkvartiļu_amplitūda
Lēmumu_koku_mācīšanās	Nejaušais_mežs
Kopējais_varbūtības_sadalījums	Daudzklašu_klasifikācija
Kvartile	Starpkvartiļu_amplitūda
Nosacījuma_varbūtība	Nosacījuma_varbūtības_sadalījums
Mašīnmācīšanās	Atbalsta_vektoru_mašīna
Nulles_hipotēze	I_tipa_un_II_tipa_kļūdas
Nosacījuma_varbūtība	Nejaušais_mežs
Varbūtību_blīvuma_funkcija	Kopējais_varbūtības_sadalījums
Standartnovirze	Precizitāte_un_pārklājums
Kopējais_varbūtības_sadalījums	Lēmumu_koku_mācīšanās
Beiesa_teorēma	Beijesa_tīkls
Varbūtību_blīvuma_funkcija	Ticamības_funkcija
Kopējais_varbūtības_sadalījums	Pudurošana_pēc_vidējiem
Aritmētiskais_vidējais	Centrālā_tendence
Nosacījuma_varbūtības_sadalījums	Beiesa_teorēma
Aritmētiskais_vidējais	DBSCAN
Nosacījuma_varbūtības_sadalījums	A_posteriori_varbūtība
Nosacīta_neatkarība	Beijesa_tīkls
Standartnovirze	Korelācija
Lineārās_regresijas_analīze	Lineāra_regresija
Standartnovirze	I_tipa_un_II_tipa_kļūdas
Nosacījuma_varbūtība	A_posteriori_varbūtība
Datu_analīze	OPTICS_algoritms
Standartnovirze	Tuvākās_distances_klasterizācija
Anomālijas_noteikšana	Datizrace
Aprakstošā_statistika	Starpkvartiļu_amplitūda
Datu_analīze	Daudzdimensiju_datu_klasterizācija
Nosacījuma_varbūtība	Beiesa_teorēma
Kopējais_varbūtības_sadalījums	Nejaušais_mežs
Varbūtību_blīvuma_funkcija	Nosacījuma_varbūtības_sadalījums
Statistiskā_klasifikācija	Precizitāte_un_pārklājums
Standartnovirze	Datizrace
Varbūtību_blīvuma_funkcija	Nejaušais_mežs
Nosacījuma_varbūtība	Asociāciju_likumu_mācīšanās
Klasteru_analīze	Maisījuma_modelis
Maksimālā_ticamība	Paredzēšanas–maksimizēšanas_algoritms
Dispersija_(statistika)	Mērijumu_skala
Ģenētiskais_algoritms	Pielāgošanās_funkcija
Nosacījuma_varbūtības_sadalījums	Naivais_Beijesa_klasifikators
Lineārās_regresijas_analīze	Puasona_regresija
Datu_analīze	Klasteru_analīze
Statistiskais_kopums	Datizrace
Varbūtību_blīvuma_funkcija	Mašīnmācīšanās
Nosacījuma_varbūtība	Naivais_Beijesa_klasifikators
Varbūtību_blīvuma_funkcija	A_posteriori_varbūtība
Korelācija	Hierarhiskā_klasterizācija
Nosacījuma_varbūtība	Apriori_algorithm
Statistiskā_klasifikācija	Datizrace
Varbūtību_blīvuma_funkcija	Beiesa_teorēma
Standartnovirze	Spektrālā_klasterizācija
Izlase	Statistiskā_hipotēzes_pārbaude
Korelācija	Daudzdimensiju_datu_klasterizācija
Standartnovirze	Mērijumu_skala
Klasteru_analīze	OPTICS_algoritms
Statistiskā_klasifikācija	Apcirpšana
Lineārās_regresijas_analīze	Datizrace
Korelācija	Nestriktā_klasterizācija
Klasteru_analīze	Daudzdimensiju_datu_klasterizācija
Izlase	F_mērs
Statistiskā_hipotēzes_pārbaude	Datizrace
Moda_(statistika)	Centrālā_tendence
Nosacījuma_varbūtība	Datizrace
Mediāna_(statistika)	Mērijumu_skala
Korelācija	Klasteru_analīze
Ticamības_funkcija	Beijesa_tīkls
Lēmumu_koku_mācīšanās	Apcirpšana
Mašīnmācīšanās	Atpakaļizplatīšana
Aritmētiskais_vidējais	Hierarhiskā_klasterizācija
Varbūtību_blīvuma_funkcija	Naivais_Beijesa_klasifikators
Standartnovirze	T_tests
Nosacījuma_varbūtība	Apcirpšana
Mašīnmācīšanās	AdaBoost
Aritmētiskais_vidējais	Lineārās_regresijas_analīze
Nosacījuma_varbūtība	Lēmumu_koku_mācīšanās
Mašīnmācīšanās	Beijesa_tīkls
Dabiskā_izlase	Mutācija_(ģenētiskais_algoritms)
Statistiskā_klasifikācija	Atbalsta_vektoru_mašīna
Aritmētiskais_vidējais	Nestriktā_klasterizācija
Aritmētiskais_vidējais	Mazāko_kvadrātu_metode
Statistiskā_hipotēzes_pārbaude	F_mērs
Klasteru_analīze	DBSCAN
Kļūdaina_atbilsme_un_kļūdaina_neatbilsme	Jūtība_un_specifiskums
Nosacījuma_varbūtības_sadalījums	Maksimālā_ticamība
Aritmētiskais_vidējais	Klasteru_analīze
Kopējais_varbūtības_sadalījums	Apcirpšana
Varbūtību_blīvuma_funkcija	Daudzklašu_klasifikācija
Nosacījuma_varbūtība	Paredzēšanas–maksimizēšanas_algoritms
Aritmētiskais_vidējais	Naivais_Beijesa_klasifikators
A_posteriori_varbūtība	Beijesa_tīkls
Varbūtību_blīvuma_funkcija	Apcirpšana
Nosacījuma_varbūtība	Maksimālā_ticamība
Dabiskā_izlase	Ģenētiskais_algoritms
Statistiskā_hipotēzes_pārbaude	T_tests
Aritmētiskais_vidējais	K-medoīdi
Aritmētiskais_vidējais	Divkāršā_klasterizācija
Korelācija	Galveno_komponentu_analīze
Datu_analīze	Hierarhiskā_klasterizācija
Varbūtību_blīvuma_funkcija	Lēmumu_koku_mācīšanās
Varbūtību_blīvuma_funkcija	Pudurošana_pēc_vidējiem
Izlase	Precizitāte_un_pārklājums
Pastiprināšana_(mašīnmācīšanās)	AdaBoost
Maksimālā_ticamība	Beijesa_tīkls
Datu_analīze	Anomālijas_noteikšana
Izlase	I_tipa_un_II_tipa_kļūdas
Datu_analīze	Nestriktā_klasterizācija
Kopējais_varbūtības_sadalījums	Atbalsta_vektoru_mašīna
Varbūtību_blīvuma_funkcija	Paredzēšanas–maksimizēšanas_algoritms
Standartnovirze	Maisījuma_modelis
Mašīnmācīšanās	Mākslīgais_neironu_tīkls
Statistiskā_klasifikācija	Lēmumu_koka_modelis
Nosacījuma_varbūtības_sadalījums	Puasona_regresija
Izlase	Datizrace
Mašīnmācīšanās	Pastiprināšana_(mašīnmācīšanās)
Aritmētiskais_vidējais	Galveno_komponentu_analīze
Hiperplakne	Lineārā_atdalāmība
Beiesa_teorēma	Naivais_Beijesa_klasifikators
Varbūtību_blīvuma_funkcija	Maksimālā_ticamība
Statistiskā_hipotēzes_pārbaude	Precizitāte_un_pārklājums
Aritmētiskais_vidējais	Pudurošana_pēc_vidējiem
Kļūdaina_atbilsme_un_kļūdaina_neatbilsme	Pozitīvā_un_negatīvā_paredzamā_vērtība
Nosacījuma_varbūtība	Puasona_regresija
Dabiskā_izlase	Pielāgošanās_funkcija
Nosacīta_neatkarība	Naivais_Beijesa_klasifikators
Standartnovirze	Uzticamības_intervāls
Statistiskā_klasifikācija	Uztvērēja_darbības_raksturlīkne
Nosacījuma_varbūtības_sadalījums	Nosacīta_neatkarība
I_tipa_un_II_tipa_kļūdas	F_mērs
Datu_analīze	K-medoīdi
Datu_analīze	Divkāršā_klasterizācija
Statistiskā_hipotēzes_pārbaude	I_tipa_un_II_tipa_kļūdas
Statistiskais_kopums	Statistiskā_nozīmība
Klasteru_analīze	Hierarhiskā_klasterizācija
Izlase	Uzticamības_intervāls
Korelācija	Anomālijas_noteikšana
Statistiskais_kopums	Statistiskā_hipotēzes_pārbaude
Nosacījuma_varbūtība	Nosacīta_neatkarība
Hiperplakne	Atbalsta_vektoru_mašīna
Standartnovirze	OPTICS_algoritms
Asociāciju_likumu_mācīšanās	Apriori_algorithm
Statistiskā_klasifikācija	Atpakaļizplatīšana
Standartnovirze	Daudzdimensiju_datu_klasterizācija
Datu_analīze	Datizrace
Kopējais_varbūtības_sadalījums	Pastiprināšana_(mašīnmācīšanās)
Ansambļu_mācīšanās	Nejaušais_mežs
Uzticamības_intervāls	Statistiskā_nozīmība
Klasteru_analīze	Nestriktā_klasterizācija
Lineārās_regresijas_analīze	Pakāpeniskā_regresija
Uzticamības_intervāls	Statistiskā_hipotēzes_pārbaude
Varbūtību_blīvuma_funkcija	Puasona_regresija
Korelācija	Naivais_Beijesa_klasifikators
Mašīnmācīšanās	Vienvirziena_neironu_tīkls
Aritmētiskais_vidējais	Lineāra_regresija
Kuplināšanas_agregatēšana	Nejaušais_mežs
Lēmumu_koks	Lēmumu_koku_mācīšanās
Izlase	T_tests
Asociāciju_likumu_mācīšanās	Datizrace
Centrālā_tendence	Mērijumu_skala
Aritmētiskais_vidējais	Anomālijas_noteikšana
Korelācija	Divkāršā_klasterizācija
Datu_analīze	Pudurošana_pēc_vidējiem
Korelācija	K-medoīdi
Varbūtību_blīvuma_funkcija	Nosacīta_neatkarība
Klasteru_analīze	K-medoīdi
Klasteru_analīze	Divkāršā_klasterizācija
Nosacījuma_varbūtības_sadalījums	Paredzēšanas–maksimizēšanas_algoritms
Statistiskais_kopums	Izlase
Standartnovirze	DBSCAN
Lineārā_atdalāmība	Atbalsta_vektoru_mašīna
I_tipa_un_II_tipa_kļūdas	Precizitāte_un_pārklājums
Dimensiju_skaita_samazināšana	Spektrālā_klasterizācija
Korelācija	Datizrace
Lēmumu_koks	Nejaušais_mežs
Kopējais_varbūtības_sadalījums	Atpakaļizplatīšana
Aritmētiskais_vidējais	Puasona_regresija
Ticamības_funkcija	Naivais_Beijesa_klasifikators
Nulles_hipotēze	Statistiskā_nozīmība
Kuplināšana	Nejaušais_mežs
Nulles_hipotēze	Statistiskā_hipotēzes_pārbaude
Mediāna_(statistika)	Centrālā_tendence
Aritmētiskais_vidējais	Korelācija
Kopējais_varbūtības_sadalījums	AdaBoost
Kopējais_varbūtības_sadalījums	Beijesa_tīkls
Korelācija	Pudurošana_pēc_vidējiem
Mašīnmācīšanās	Naivais_Beijesa_klasifikators
Statistiskais_kopums	Precizitāte_un_pārklājums
Standartnovirze	Statistiskā_nozīmība
Standartnovirze	Galveno_komponentu_analīze
Statistiskā_klasifikācija	Mākslīgais_neironu_tīkls
Klasteru_analīze	Pudurošana_pēc_vidējiem
Aritmētiskais_vidējais	Datizrace
Statistiskā_klasifikācija	Lēmumu_koks
Precizitāte_un_pārklājums	F_mērs
Varbūtību_blīvuma_funkcija	Atbalsta_vektoru_mašīna
Uzticamības_intervāls	Precizitāte_un_pārklājums
Dispersija_(statistika)	Starpkvartiļu_amplitūda
Mašīnmācīšanās	Kopējais_varbūtības_sadalījums
Lineārās_regresijas_analīze	Ticamības_funkcija
Nestriktā_klasterizācija	Pudurošana_pēc_vidējiem
Lineārās_regresijas_analīze	Galveno_komponentu_analīze
Standartnovirze	Signāla_un_trokšņa_attiecība
Naivais_Beijesa_klasifikators	Mašīnmācīšanās
Spektrālā_klasterizācija	Klasteru_analīze
Statistiskā_hipotēzes_pārbaude	Statistiskais_kopums
Anomālijas_noteikšana	Klasteru_analīze
Centrālā_tendence	Aritmētiskais_vidējais
Puasona_regresija	Nosacījuma_varbūtība
Maisījuma_modelis	Korelācija
Nejaušais_mežs	Ansambļu_mācīšanās
Mākslīgais_neironu_tīkls	Klasteru_analīze
Zināšanu_bāze	Ekspertsistēma
Spektrālā_klasterizācija	Pudurošana_pēc_vidējiem
Hierarhiskā_klasterizācija	Korelācija
Pastiprināšana_(mašīnmācīšanās)	Nejaušais_mežs
Beiesa_teorēma	Nosacījuma_varbūtība
Lēmumu_koks	Nosacījuma_varbūtība
Statistiskā_hipotēzes_pārbaude	Standartnovirze
Ekspertsistēma	Mākslīgais_neironu_tīkls
Galveno_komponentu_analīze	Standartnovirze
Mazāko_kvadrātu_metode	Lineārās_regresijas_analīze
Nosacīta_neatkarība	Nosacījuma_varbūtība
Tuvākās_distances_klasterizācija	Korelācija
Mediāna_(statistika)	Varbūtību_blīvuma_funkcija
Izlecošā_vērtība	Korelācija
Datizrace	Vaicājumvaloda
Kļūdaina_atbilsme_un_kļūdaina_neatbilsme	Akurātums_un_precizitāte
Atbalsta_vektoru_mašīna	Mākslīgais_neironu_tīkls
Lineāra_regresija	Pakāpeniskā_regresija
Nosacījuma_varbūtības_sadalījums	Kopējais_varbūtības_sadalījums
Mērijumu_skala	Aritmētiskais_vidējais
Jūtība_un_specifiskums	Statistiskā_klasifikācija
Iepriekšējā_varbūtība	Beiesa_teorēma
Mākslīgais_neironu_tīkls	Galveno_komponentu_analīze
Ansambļu_mācīšanās	Pakāpeniskā_regresija
Statistiskais_modelis	Pakāpeniskā_regresija
Naivais_Beijesa_klasifikators	Maksimālā_ticamība
Mašīnmācīšanās	Lineārā_atdalāmība
Lēmumu_koks	Statistiskā_klasifikācija
Akurātums_un_precizitāte	Precizitāte_un_pārklājums
Divkāršā_klasterizācija	Standartnovirze
Standartnovirze	Starpkvartiļu_amplitūda
Hierarhiskā_klasterizācija	OPTICS_algoritms
Beiesa_teorēma	Maisījuma_modelis
DBSCAN	Aritmētiskais_vidējais
Ticamības_funkcija	Nosacījuma_varbūtība
F-kritērijs	Pakāpeniskā_regresija
F_mērs	Statistiskā_klasifikācija
Atbalsta_vektoru_mašīna	Anomālijas_noteikšana
Beijesa_tīkls	Lēmumu_koku_mācīšanās
Atpakaļizplatīšana	Mākslīgais_neironu_tīkls
Klasteru_analīze	Ģenētiskais_algoritms
Korelācija	Aritmētiskais_vidējais
Apcirpšana	Alfa-beta_apcirpšana
Datizrace	Statistiskā_klasifikācija
Mākslīgais_neironu_tīkls	Varbūtību_blīvuma_funkcija
Daudzklašu_klasifikācija	Statistiskā_klasifikācija
Iepriekšējā_varbūtība	A_posteriori_varbūtība
Pudurošana_pēc_vidējiem	Klasteru_analīze
Maisījuma_modelis	Standartnovirze
Gradienta_samazināšanās	Vienvirziena_neironu_tīkls
Lineāra_regresija	Lineārās_regresijas_analīze
Datizrace	Aritmētiskais_vidējais
Trūkstošie_dati	Paredzēšanas–maksimizēšanas_algoritms
Galveno_komponentu_analīze	Pudurošana_pēc_vidējiem
Šķērsvalidācija_(statistika)	Atbalsta_vektoru_mašīna
Histogramma	Starpkvartiļu_amplitūda
Hierarhiskā_klasterizācija	Standartnovirze
Datizrace	Beiesa_teorēma
Diskretizācija	Lēmumu_koku_mācīšanās
Vienvirziena_neironu_tīkls	Kopējais_varbūtības_sadalījums
Anomālijas_noteikšana	Korelācija
Datu_modelēšana	Vaicājumvaloda
Maksimālā_ticamība	Uzticamības_intervāls
AdaBoost	Mašīnmācīšanās
Klasteru_analīze	Galveno_komponentu_analīze
Nelineāra_sistēma	Atpakaļizplatīšana
Gradienta_samazināšanās	Maksimums_un_minimums
Šķērsvalidācija_(statistika)	Pastiprināšana_(mašīnmācīšanās)
OPTICS_algoritms	Aritmētiskais_vidējais
Atpakaļizplatīšana	Apcirpšana
Klasteru_analīze	Aritmētiskais_vidējais
Maisījuma_modelis	Hierarhiskā_klasterizācija
Iepriekšējā_varbūtība	Maksimālā_ticamība
Maisījuma_modelis	Datu_analīze
Ticamības_funkcija	Nosacījuma_varbūtības_sadalījums
Statistiskais_modelis	Statistiskā_hipotēzes_pārbaude
Statistiskā_nozīmība	Izlase
Beijesa_tīkls	Nosacījuma_varbūtība
Apcirpšana	Varbūtību_blīvuma_funkcija
Lēmumu_koka_modelis	Lēmumu_koks
A_posteriori_varbūtība	Ticamības_funkcija
Nosacīta_neatkarība	Kopējais_varbūtības_sadalījums
OPTICS_algoritms	DBSCAN
Hierarhiskā_klasterizācija	Datu_analīze
Precizitāte_un_pārklājums	Nulles_hipotēze
Pudurošana_pēc_vidējiem	K-medoīdi
Datu_analīze	Iepriekšējā_varbūtība
Meklētājprogramma	Precizitāte_un_pārklājums
Daudzklašu_klasifikācija	Mašīnmācīšanās
Ansambļu_mācīšanās	Anomālijas_noteikšana
Datizrace	Izlase
Pieaugums_(informācijas_izguve)	Akurātums_un_precizitāte
Paredzēšanas–maksimizēšanas_algoritms	Nosacījuma_varbūtība
Nestriktā_klasterizācija	Standartnovirze
Pudurošana_pēc_vidējiem	Varbūtību_blīvuma_funkcija
Aritmētiskais_vidējais	Precizitāte_un_pārklājums
Apcirpšana	Mašīnmācīšanās
Tuvākās_distances_klasterizācija	Klasteru_analīze
Nosacījuma_varbūtības_sadalījums	Nosacījuma_varbūtība
Modeļa_izvēle	Divkāršā_klasterizācija
Beijesa_tīkls	Maisījuma_modelis
Izlecošā_vērtība	Klasteru_analīze
A_posteriori_varbūtība	Beiesa_teorēma
Precizitāte_un_pārklājums	Statistiskā_hipotēzes_pārbaude
Naivais_Beijesa_klasifikators	Ticamības_funkcija
Datizrace	Divkāršā_klasterizācija
Daudzdimensiju_datu_klasterizācija	Standartnovirze
Lineārās_regresijas_analīze	Mākslīgais_neironu_tīkls
Klasifikācijas_likums	Atbalsta_vektoru_mašīna
Mašīnmācīšanās	Varbūtību_blīvuma_funkcija
Lēmumu_koku_mācīšanās	Lēmumu_koks
Pakāpeniskā_regresija	Lineārās_regresijas_analīze
Lēmumu_koku_mācīšanās	Kopējais_varbūtības_sadalījums
Paredzēšanas–maksimizēšanas_algoritms	Maisījuma_modelis
A_posteriori_varbūtība	Varbūtību_blīvuma_funkcija
Spektrālā_klasterizācija	Standartnovirze
Standartnovirze	Lineārās_regresijas_analīze
Anomālijas_noteikšana	Standartnovirze
Lineārā_atdalāmība	Atpakaļizplatīšana
Naivais_Beijesa_klasifikators	Beiesa_teorēma
Datu_reducēšana	Galveno_komponentu_analīze
Lēmumu_koka_modelis	Lēmumu_koku_mācīšanās
F_mērs	Precizitāte_un_pārklājums
Lineāra_regresija	Nosacījuma_varbūtība
Lineāra_regresija	Gradienta_samazināšanās
Pastiprināšana_(mašīnmācīšanās)	Kopējais_varbūtības_sadalījums
Pudurošana_pēc_vidējiem	Korelācija
F_mērs	I_tipa_un_II_tipa_kļūdas
A_posteriori_varbūtība	Nosacījuma_varbūtības_sadalījums
Klasteru_analīze	Korelācija
Izlecošā_vērtība	Starpkvartiļu_amplitūda
Statistiskā_klasifikācija	Klasteru_analīze
Akurātums_un_precizitāte	Jūtība_un_specifiskums
Lēmumu_koks	Atbalsta_vektoru_mašīna
Daudzdimensiju_datu_klasterizācija	Datu_analīze
Beijesa_tīkls	Nosacījuma_varbūtības_sadalījums
Naivais_Beijesa_klasifikators	Varbūtību_blīvuma_funkcija
Iepriekšējā_varbūtība	Minimālais_apraksta_garums
Hierarhiskā_klasterizācija	Tuvākās_distances_klasterizācija
Kļūdaina_atbilsme_un_kļūdaina_neatbilsme	Klasteru_analīze
Anomālijas_noteikšana	Izlecošā_vērtība
Statistiskais_modelis	Statistiskā_klasifikācija
Datu_apstrāde	Mākslīgais_neironu_tīkls
I_tipa_un_II_tipa_kļūdas	Uzticamības_intervāls
Beijesa_tīkls	A_posteriori_varbūtība
Lēmumu_koks	Pastiprināšana_(mašīnmācīšanās)
Klasteru_analīze	Paredzēšanas–maksimizēšanas_algoritms
Standartnovirze	Nejaušais_mežs
Mediāna_(statistika)	Pudurošana_pēc_vidējiem
Spektrālā_klasterizācija	Datu_analīze
Statistiskais_kopums	Maisījuma_modelis
AdaBoost	Pastiprināšana_(mašīnmācīšanās)
Anomālijas_noteikšana	Datu_analīze
Atbalsta_vektoru_mašīna	Kopējais_varbūtības_sadalījums
F_mērs	Informācijas_izguve
Paraugatlase_(statistika)	Beiesa_teorēma
Paredzēšanas–maksimizēšanas_algoritms	Nosacījuma_varbūtības_sadalījums
Nejaušais_mežs	Lēmumu_koks
Nejaušais_mežs	Kopējais_varbūtības_sadalījums
Uztvērēja_darbības_raksturlīkne	Statistiskā_klasifikācija
Pozitīvā_un_negatīvā_paredzamā_vērtība	Kļūdaina_atbilsme_un_kļūdaina_neatbilsme
Daudzklašu_klasifikācija	Atbalsta_vektoru_mašīna
Vienvirziena_neironu_tīkls	Statistiskā_klasifikācija
Beijesa_tīkls	Kopējais_varbūtības_sadalījums
Hierarhiskā_klasterizācija	DBSCAN
Precizitāte_un_pārklājums	Statistiskā_klasifikācija
DBSCAN	Klasteru_analīze
Naivais_Beijesa_klasifikators	Korelācija
Iepriekšējā_varbūtība	Ticamības_funkcija
Starpkvartiļu_amplitūda	Kvartile
Naivais_Beijesa_klasifikators	Nosacīta_neatkarība
Lēmumu_koka_modelis	Nosacījuma_varbūtība
Atpakaļizplatīšana	Kopējais_varbūtības_sadalījums
Datizrace	Pastiprināšana_(mašīnmācīšanās)
Kuplināšanas_agregatēšana	Pastiprināšana_(mašīnmācīšanās)
Puasona_regresija	Ticamības_funkcija
I_tipa_un_II_tipa_kļūdas	Statistiskais_kopums
Statistiskā_hipotēzes_pārbaude	Nulles_hipotēze
Signāla_un_trokšņa_attiecība	Galveno_komponentu_analīze
Maksimālā_ticamība	Nosacījuma_varbūtība
Pārpratumu_matrica	Precizitāte_un_pārklājums
Mākslīgais_neironu_tīkls	Apcirpšana
Pudurošana_pēc_vidējiem	Standartnovirze
Uzticamības_intervāls	Ticamības_funkcija
Puasona_regresija	Aritmētiskais_vidējais
Lēmumu_koka_modelis	Statistiskā_klasifikācija
Ekspertsistēma	Nejaušais_mežs
Statistiskais_modelis	Vienvirziena_neironu_tīkls
Datu_analīze	Statistiskā_nozīmība
Atbalsta_vektoru_mašīna	Lineārā_atdalāmība
Nosacījuma_varbūtība	Iepriekšējā_varbūtība
I_tipa_un_II_tipa_kļūdas	Standartnovirze
Tuvākās_distances_klasterizācija	OPTICS_algoritms
Iepriekšējā_varbūtība	Naivais_Beijesa_klasifikators
Izlecošā_vērtība	OPTICS_algoritms
I_tipa_un_II_tipa_kļūdas	Nulles_hipotēze
Pakāpeniskā_regresija	F-kritērijs
Maksimālā_ticamība	Maisījuma_modelis
Informācijas_izguve	Klasteru_analīze
Nejaušais_mežs	Lēmumu_koku_mācīšanās
Pieaugums_(informācijas_izguve)	Pozitīvā_un_negatīvā_paredzamā_vērtība
K-medoīdi	Aritmētiskais_vidējais
Mākslīgais_neironu_tīkls	Gradienta_samazināšanās
Lēmumu_koku_mācīšanās	Nosacījuma_varbūtība
Datizrace	Klasteru_analīze
Lineāra_regresija	Kopējais_varbūtības_sadalījums
Puasona_regresija	Varbūtību_blīvuma_funkcija
I_tipa_un_II_tipa_kļūdas	Statistiskā_hipotēzes_pārbaude
Starpkvartiļu_amplitūda	Mediāna_(statistika)
Asociāciju_likumu_mācīšanās	Anomālijas_noteikšana
Mutācija_(ģenētiskais_algoritms)	Dabiskā_izlase
Datu_tips	DBSCAN
Pudurošana_pēc_vidējiem	Datu_analīze
Standartnovirze	Beijesa_tīkls
Lēmumu_koku_mācīšanās	Statistiskā_klasifikācija
A_posteriori_varbūtība	Mākslīgais_neironu_tīkls
Pārpratumu_matrica	Pozitīvā_un_negatīvā_paredzamā_vērtība
Datizrace	Galveno_komponentu_analīze
Puasona_regresija	Nosacījuma_varbūtības_sadalījums
Mediāna_(statistika)	Uzticamības_intervāls
OPTICS_algoritms	Klasteru_analīze
Beiesa_teorēma	Varbūtību_blīvuma_funkcija
Nosacīta_neatkarība	Varbūtību_blīvuma_funkcija
Dispersija_(statistika)	Centrālā_tendence
AdaBoost	Varbūtību_blīvuma_funkcija
Statistiskais_modelis	Maksimālā_ticamība
Naivais_Beijesa_klasifikators	Standartnovirze
Anomālijas_noteikšana	DBSCAN
Akurātums_un_precizitāte	Statistiskā_nozīmība
Beiesa_teorēma	Nosacījuma_varbūtības_sadalījums
Standartnovirze	Centrālā_tendence
Nosacīta_neatkarība	Nosacījuma_varbūtības_sadalījums
Izlecošā_vērtība	Lineārās_regresijas_analīze
Tuvākās_distances_klasterizācija	Standartnovirze
Maksimālā_ticamība	Nosacījuma_varbūtības_sadalījums
Informācijas_izguve	Naivais_Beijesa_klasifikators
Kvartile	Centrālā_tendence
Uzticamības_intervāls	Izlase
Apriori_algorithm	Nosacījuma_varbūtība
Aktīva_mācīšanās_(mašīnmācīšanās)	Atbalsta_vektoru_mašīna
Gradienta_samazināšanās	Puasona_regresija
Datizrace	Naivais_Beijesa_klasifikators
Statistiskā_nozīmība	Jūtība_un_specifiskums
Ticamības_funkcija	Varbūtību_blīvuma_funkcija
Aprakstošā_statistika	Centrālā_tendence
DBSCAN	Korelācija
Nejaušais_mežs	Nosacījuma_varbūtība
Histogramma	Maisījuma_modelis
Mediāna_(statistika)	Statistiskais_kopums
Daudzklašu_klasifikācija	Varbūtību_blīvuma_funkcija
Anomālijas_noteikšana	OPTICS_algoritms
F_mērs	Izlase
Atbalsta_vektoru_mašīna	Hiperplaknes_atdalīšanās_teorēma
K-medoīdi	Korelācija
Atbalsta_vektoru_mašīna	Statistiskā_klasifikācija
Uztvērēja_darbības_raksturlīkne	Precizitāte_un_pārklājums
Ekspertsistēma	Beijesa_tīkls
Nestriktā_klasterizācija	Paredzēšanas–maksimizēšanas_algoritms
Jūtība_un_specifiskums	Uzticamības_intervāls
T_tests	Izlase
Lineārā_atdalāmība	Vienvirziena_neironu_tīkls
Pastiprināšana_(mašīnmācīšanās)	Varbūtību_blīvuma_funkcija
Klasifikācijas_likums	Lēmumu_koks
Nejaušais_mežs	Statistiskā_klasifikācija
Tuvākās_distances_klasterizācija	Datu_analīze
Lēmumu_koku_mācīšanās	Mašīnmācīšanās
Galveno_komponentu_analīze	Aritmētiskais_vidējais
Precizitāte_un_pārklājums	I_tipa_un_II_tipa_kļūdas
Datizrace	Meklētājprogramma
Beijesa_tīkls	Ticamības_funkcija
Mazāko_kvadrātu_metode	Aritmētiskais_vidējais
F_mērs	Uzticamības_intervāls
Starpkvartiļu_amplitūda	Dispersija_(statistika)
Statistiskā_nozīmība	Uzticamības_intervāls
Atpakaļizplatīšana	Statistiskā_klasifikācija
Pastiprināšana_(mašīnmācīšanās)	Mašīnmācīšanās
Datizrace	Korelācija
Divkāršā_klasterizācija	Aritmētiskais_vidējais
Daļēji_uzraudzīta_mācīšanās	Pudurošana_pēc_vidējiem
Modeļa_izvēle	Pakāpeniskā_regresija
Šķērsvalidācija_(statistika)	Apcirpšana
Mākslīgais_neironu_tīkls	Kopējais_varbūtības_sadalījums
Paredzēšanas–maksimizēšanas_algoritms	Ticamības_funkcija
Beijesa_tīkls	Beiesa_teorēma
Statistiskā_klasifikācija	Lineārā_atdalāmība
Centrālā_tendence	Moda_(statistika)
Maisījuma_modelis	Nosacījuma_varbūtība
Gradienta_samazināšanās	Atpakaļizplatīšana
Datizrace	Pakāpeniskā_regresija
Nosacījuma_varbūtība	Statistiskā_nozīmība
Precizitāte_un_pārklājums	Informācijas_izguve
Datizrace	Uzticamības_intervāls
Mērijumu_skala	Standartnovirze
Lineārās_regresijas_analīze	Nejaušais_mežs
OPTICS_algoritms	Korelācija
Kopējais_varbūtības_sadalījums	Varbūtību_blīvuma_funkcija
Datizrace	OPTICS_algoritms
Centrālā_tendence	Mediāna_(statistika)
AdaBoost	Ansambļu_mācīšanās
Statistiskā_klasifikācija	Anomālijas_noteikšana
Iepriekšējā_varbūtība	Mākslīgais_neironu_tīkls
Beijesa_tīkls	Varbūtību_blīvuma_funkcija
Atbalsta_vektoru_mašīna	Mašīnmācīšanās
DBSCAN	Standartnovirze
Apriori_algorithm	Asociāciju_likumu_mācīšanās
Beijesa_tīkls	Iepriekšējā_varbūtība
Statistiskā_nozīmība	Statistiskais_kopums
Jūtība_un_specifiskums	Pārpratumu_matrica
Mērijumu_skala	Moda_(statistika)
Gradienta_samazināšanās	Pastiprināšana_(mašīnmācīšanās)
Maisījuma_modelis	Aritmētiskais_vidējais
Mašīnmācīšanās	Mutācija_(ģenētiskais_algoritms)
Mutācija_(ģenētiskais_algoritms)	Ģenētiskais_algoritms
Paredzēšanas–maksimizēšanas_algoritms	Varbūtību_blīvuma_funkcija
Statistiskais_modelis	Ticamības_funkcija
Uzticamības_intervāls	Mākslīgais_neironu_tīkls
Beijesa_tīkls	Mašīnmācīšanās
Apcirpšana	Lēmumu_koks
Nosacījuma_varbūtības_sadalījums	Varbūtību_blīvuma_funkcija
Diskretizācija	Naivais_Beijesa_klasifikators
Statistiskā_nozīmība	Lineārās_regresijas_analīze
Nelineāra_sistēma	Gradienta_samazināšanās
Izlecošā_vērtība	Maisījuma_modelis
Pielāgošanās_funkcija	Dabiskā_izlase
Mērijumu_skala	Mediāna_(statistika)
Korelācija	Standartnovirze
Hierarhiskā_klasterizācija	Aritmētiskais_vidējais
Jūtība_un_specifiskums	Statistiskā_hipotēzes_pārbaude
Datizrace	Statistiskais_kopums
Lineāra_regresija	Aritmētiskais_vidējais
Statistiskā_nozīmība	Standartnovirze
Mākslīgais_neironu_tīkls	Lēmumu_koku_mācīšanās
Atpakaļizplatīšana	Mašīnmācīšanās
Minkovska_attālums	DBSCAN
Atbalsta_vektoru_mašīna	Hiperplakne
Asociāciju_likumu_mācīšanās	Lēmumu_koks
Statistiskā_nozīmība	Nulles_hipotēze
Kopējais_varbūtības_sadalījums	Nosacīta_neatkarība
Mutācija_(ģenētiskais_algoritms)	Pielāgošanās_funkcija
Divkāršā_klasterizācija	Korelācija
DBSCAN	Hierarhiskā_klasterizācija
Beijesa_tīkls	Nosacīta_neatkarība
DBSCAN	Datu_analīze
Lēmumu_koku_mācīšanās	Atbalsta_vektoru_mašīna
Datizrace	Lineārās_regresijas_analīze
Maksimālā_ticamība	Minimālais_apraksta_garums
Pudurošana_pēc_vidējiem	Kopējais_varbūtības_sadalījums
Maisījuma_modelis	Varbūtību_blīvuma_funkcija
Kopējais_varbūtības_sadalījums	Uzticamības_intervāls
Jūtība_un_specifiskums	Kļūdaina_atbilsme_un_kļūdaina_neatbilsme
Datizrace	Standartnovirze
Pastiprināšana_(mašīnmācīšanās)	Ansambļu_mācīšanās
Gradienta_samazināšanās	Kalnā_kāpšana_tehnika
Statistiskā_nozīmība	Statistiskā_hipotēzes_pārbaude
Datizrace	Nulles_hipotēze
Izlecošā_vērtība	DBSCAN
Datizrace	Mākslīgais_neironu_tīkls
K-medoīdi	Klasteru_analīze
Beijesa_tīkls	Paredzēšanas–maksimizēšanas_algoritms
Beijesa_tīkls	Maksimālā_ticamība
Lēmumu_koku_mācīšanās	Lēmumu_koka_modelis
Varbūtību_blīvuma_funkcija	Starpkvartiļu_amplitūda
Lineārās_regresijas_analīze	Statistiskā_klasifikācija
Lineāra_regresija	Nosacījuma_varbūtības_sadalījums
OPTICS_algoritms	Standartnovirze
Datizrace	Statistiskā_hipotēzes_pārbaude
Datizrace	Lēmumu_koku_mācīšanās
Kuplināšanas_agregatēšana	Lēmumu_koku_mācīšanās
Ģenētiskais_algoritms	Mākslīgais_neironu_tīkls
Datizrace	Izlecošā_vērtība
Nestriktā_klasterizācija	Aritmētiskais_vidējais
Apcirpšana	Lēmumu_koku_mācīšanās
Klasteru_analīze	Standartnovirze
Lineārās_regresijas_analīze	Aritmētiskais_vidējais
Datu_analīze	Lēmumu_koku_mācīšanās
Paredzēšanas–maksimizēšanas_algoritms	Maksimālā_ticamība
Maksimālā_ticamība	Ticamības_funkcija
Datizrace	Datu_analīze
Mašīnmācīšanās	Lineārās_regresijas_analīze
Vienvirziena_neironu_tīkls	Varbūtību_blīvuma_funkcija
Datizrace	Anomālijas_noteikšana
Daudzdimensiju_datu_klasterizācija	Aritmētiskais_vidējais
Lineāra_regresija	Puasona_regresija
Moda_(statistika)	Nejaušais_mežs
Lineāra_regresija	Korelācija
Hierarhiskā_klasterizācija	Divkāršā_klasterizācija
Standartnovirze	Ticamības_funkcija
Naivais_Beijesa_klasifikators	Kopējais_varbūtības_sadalījums
Pakāpeniskā_regresija	Aritmētiskais_vidējais
Precizitāte_un_pārklājums	Jūtība_un_specifiskums
Spektrālā_klasterizācija	Aritmētiskais_vidējais
Maisījuma_modelis	Paredzēšanas–maksimizēšanas_algoritms
OPTICS_algoritms	Datu_analīze
Anomālijas_noteikšana	Aritmētiskais_vidējais
Atbalsta_vektoru_mašīna	Pastiprināšana_(mašīnmācīšanās)
Maisījuma_modelis	Maksimālā_ticamība
Vienvirziena_neironu_tīkls	Mašīnmācīšanās
Mākslīgais_neironu_tīkls	Statistiskā_klasifikācija
Mērijumu_skala	Dispersija_(statistika)
Lēmumu_koku_mācīšanās	Galveno_komponentu_analīze
Klasteru_analīze	Datu_analīze
Galveno_komponentu_analīze	Dimensiju_skaita_samazināšana
Precizitāte_un_pārklājums	Izlase
Lēmumu_koks	Datizrace
Datizrace	Pudurošana_pēc_vidējiem
Lineāra_regresija	Maksimālā_ticamība
A_posteriori_varbūtība	Statistiskā_hipotēzes_pārbaude
Statistiskā_klasifikācija	A_posteriori_varbūtība
Maksimālā_ticamība	Varbūtību_blīvuma_funkcija
Mērijumu_skala	Centrālā_tendence
Datizrace	Nosacījuma_varbūtība
Apcirpšana	Nosacījuma_varbūtība
Pozitīvā_un_negatīvā_paredzamā_vērtība	Akurātums_un_precizitāte
Nestriktā_klasterizācija	Korelācija
Precizitāte_un_pārklājums	Uzticamības_intervāls
Paraugatlase_(statistika)	Statistiskais_kopums
Asociāciju_likumu_mācīšanās	Nosacījuma_varbūtība
Pārpratumu_matrica	Klasteru_analīze
Divkāršā_klasterizācija	Hierarhiskā_klasterizācija
Divkāršā_klasterizācija	Datu_analīze
Izlase	Statistiskais_kopums
Lēmumu_koku_mācīšanās	Varbūtību_blīvuma_funkcija
Ansambļu_mācīšanās	Atpakaļizplatīšana
Daudzdimensiju_datu_klasterizācija	Korelācija
Datizrace	Maisījuma_modelis
Apcirpšana	Statistiskā_klasifikācija
Hiperplaknes_atdalīšanās_teorēma	Atbalsta_vektoru_mašīna
Nosacījuma_varbūtība	Kopējais_varbūtības_sadalījums
Maksimālā_ticamība	Puasona_regresija
Pielāgošanās_funkcija	Ģenētiskais_algoritms
Datu_analīze	Statistiskā_klasifikācija
Diskretizācija	Mākslīgais_neironu_tīkls
Divkāršā_klasterizācija	Klasteru_analīze
Lineāra_regresija	Atbalsta_vektoru_mašīna
Uzticamības_intervāls	Pakāpeniskā_regresija
Spektrālā_klasterizācija	Korelācija
Beiesa_teorēma	Uzticamības_intervāls
Moda_(statistika)	Maisījuma_modelis
Izlecošā_vērtība	Atbalsta_vektoru_mašīna
DBSCAN	OPTICS_algoritms
Mākslīgais_neironu_tīkls	Mašīnmācīšanās
Lokālais_optimums	Pudurošana_pēc_vidējiem
Nejaušais_mežs	Kuplināšanas_agregatēšana
Histogramma	Naivais_Beijesa_klasifikators
Pudurošana_pēc_vidējiem	Maisījuma_modelis
Vienvirziena_neironu_tīkls	Atpakaļizplatīšana
Precizitāte_un_pārklājums	Statistiskais_kopums
A_posteriori_varbūtība	Nosacījuma_varbūtība
Datizrace	DBSCAN
Pudurošana_pēc_vidējiem	Aritmētiskais_vidējais
Atbalsta_vektoru_mašīna	Naivais_Beijesa_klasifikators
Starpkvartiļu_amplitūda	Aprakstošā_statistika
T_tests	Uzticamības_intervāls
Nejaušais_mežs	Naivais_Beijesa_klasifikators
Atbalsta_vektoru_mašīna	Varbūtību_blīvuma_funkcija
AdaBoost	Lēmumu_koks
Lineārā_atdalāmība	Hiperplakne
Maisījuma_modelis	Klasteru_analīze
Precizitāte_un_pārklājums	Standartnovirze
Starpkvartiļu_amplitūda	Centrālā_tendence
AdaBoost	Kopējais_varbūtības_sadalījums
Uzticamības_intervāls	Statistiskais_kopums
A_posteriori_varbūtība	Maisījuma_modelis
Ģenētiskais_algoritms	Dabiskā_izlase
Naivais_Beijesa_klasifikators	Nosacījuma_varbūtība
Puasona_regresija	Lineārās_regresijas_analīze
Nejaušais_mežs	Varbūtību_blīvuma_funkcija
Vienvirziena_neironu_tīkls	Mākslīgais_neironu_tīkls
Lineārās_regresijas_analīze	Atbalsta_vektoru_mašīna
Hierarhiskā_klasterizācija	Klasteru_analīze
Nejaušais_mežs	Kuplināšana
Datizrace	Asociāciju_likumu_mācīšanās
Uzticamības_intervāls	Lineārās_regresijas_analīze
Statistiskā_hipotēzes_pārbaude	Izlase
Lineāra_regresija	Datu_matrica
F_mērs	Statistiskais_kopums
Uzticamības_intervāls	Standartnovirze
Naivais_Beijesa_klasifikators	Statistiskā_klasifikācija
Datu_analīze	Asociāciju_likumu_mācīšanās
Iepriekšējā_varbūtība	Statistiskā_hipotēzes_pārbaude
Atpakaļizplatīšana	Varbūtību_blīvuma_funkcija
Nejaušais_mežs	Mašīnmācīšanās
Naivais_Beijesa_klasifikators	Maisījuma_modelis
K-medoīdi	Standartnovirze
Lineāra_regresija	Galveno_komponentu_analīze
T_tests	Statistiskais_kopums
Dispersija_(statistika)	Lineārās_regresijas_analīze
Pudurošana_pēc_vidējiem	Mašīnmācīšanās
Daudzklašu_klasifikācija	Kopējais_varbūtības_sadalījums
Galveno_komponentu_analīze	Korelācija
Izlecošā_vērtība	Galveno_komponentu_analīze
Naivais_Beijesa_klasifikators	Aritmētiskais_vidējais
Naivais_Beijesa_klasifikators	Beijesa_tīkls
Moda_(statistika)	Divkāršā_klasterizācija
Apcirpšana	Kopējais_varbūtības_sadalījums
F_mērs	Standartnovirze
I_tipa_un_II_tipa_kļūdas	Izlase
Ģenētiskais_algoritms	Lēmumu_koks
Mašīnmācīšanās	Ekspertsistēma
F_mērs	Nulles_hipotēze
Precizitāte_un_pārklājums	Klasteru_analīze
Beiesa_teorēma	Statistiskā_hipotēzes_pārbaude
Minkovska_attālums	K-medoīdi
Tuvākās_distances_klasterizācija	Aritmētiskais_vidējais
Statistiskā_hipotēzes_pārbaude	Uzticamības_intervāls
Nestriktā_klasterizācija	Datu_analīze
T_tests	Standartnovirze
Datu_matrica	Galveno_komponentu_analīze
T_tests	Nulles_hipotēze
Spektrālā_klasterizācija	Dimensiju_skaita_samazināšana
Nestriktā_klasterizācija	Klasteru_analīze
F_mērs	Statistiskā_hipotēzes_pārbaude
K-medoīdi	Datu_analīze
Izlecošā_vērtība	K-medoīdi
Hierarhiskā_klasterizācija	Datizrace
T_tests	Statistiskā_hipotēzes_pārbaude
Pudurošana_pēc_vidējiem	Paredzēšanas–maksimizēšanas_algoritms
Daudzdimensiju_datu_klasterizācija	Klasteru_analīze
Modeļa_izvēle	Statistiskā_hipotēzes_pārbaude
Naivais_Beijesa_klasifikators	Nosacījuma_varbūtības_sadalījums
