Šķautne	Vienādsānu_trijstūris
Virsotne_(ģeometrija)	Sešstūris
Virsotne_(ģeometrija)	Zvaigznes_poligons
Šķautne	Pitagora_teorēma
Punkts_(ģeometrija)	Sinuss
Riņķa_līnija	Sfēra
Pārdalīšana_uz_pusēm	Leņķa_bisektrises_teorēma
Daudzstūris	Prizma
Punkts_(ģeometrija)	Dekarta_koordinātu_sistēma
Leņķis	Pitagora_trijnieks
Ģeometrija	Astoņstūris
Ģeometrija	Paralelograms
Perpendikuls	Dekarta_koordinātu_sistēma
Trijstūris	Pitagora_trijnieks
Daudzstūris	Deviņstūris
Punkts_(ģeometrija)	Piecstūris
Taisne	Izliekts_daudzstūris
Ģeometrija	Līdzība
Rotācija_(matemātika)	Refleksijas_simetrija
Leņķis	Vienādsānu_trijstūris
Nogrieznis	Izliekts_daudzstūris
Taisne	Deltoīds
Ģeometrija	Ārējā_leņķa_teorēma
Ģeometrija	Iekšējais_un_ārējais_leņķis
Leņķis	Pitagora_teorēma
Ģeometrija	Trijstūru_nevienādības
Ģeometrija	Daudzstūris
Nogrieznis	Deltoīds
Trijstūris	Vienādsānu_trijstūris
Četrstūris	Paralelograms
Daudzstūris	Inversās_trigonometriskās_funkcijas
Nogrieznis	Septiņstūris
Punkts_(ģeometrija)	Transversāls_(ģeometrija)
Leņķis	Slīpums
Trijstūris	Pitagora_teorēma
Daudzstūris	Trigonometriskās_funkcijas
Ģeometrija	Īpašie_taisnleņķa_trijstūri
Taisne	Piramīda
Šķautne	Astoņstūris
Ģeometrija	Leņķis
Šķautne	Paralelograms
Ģeometrija	Taisnstūris
Līdzība	Pašlīdzība
Taisne	Stāvums
Nogrieznis	Piramīda
Paralēlais_(ģeometrija)	Paralelograms
Nogrieznis	Diagonāle
Taisne	Trijstūra_augstums
Šķautne	Ārējā_leņķa_teorēma
Punkts_(ģeometrija)	Deltoīds
Šķautne	Trijstūru_nevienādības
Šķautne	Daudzstūris
Nogrieznis	Trijstūra_augstums
Punkts_(ģeometrija)	Sliektās_līnijas
Punkts_(ģeometrija)	Septiņstūris
Četrstūris	Taisnstūris
Taisne	Sešstūris
Mēroga_koeficients	Mērogošana_(ģeometrija)
Taisne	Pieskare
Nogrieznis	Sešstūris
Leņķis	Astoņstūris
Daudzstūris	Taisnstūris
Leņķis	Paralelograms
Šķautne	Īpašie_taisnleņķa_trijstūri
Virsotne_(ģeometrija)	Daudzskaldnis
Taisne	Taisnleņķis
Punkts_(ģeometrija)	Leņķa_bisektrises_teorēma
Punkts_(ģeometrija)	Rotācija_simetrija
Punkts_(ģeometrija)	Stāvums
Paralēlais_(ģeometrija)	Taisnstūris
Taisne	Stingra_transformācija
Perpendikuls	Leņķa_bisektrises_teorēma
Leņķis	Ārējā_leņķa_teorēma
Plakne_(ģeometrija)	Dekarta_koordinātu_sistēma
Punkts_(ģeometrija)	Diagonāle
Leņķis	Iekšējais_un_ārējais_leņķis
Virsotne_(ģeometrija)	Divpadsmitstūris
Leņķis	Daudzstūris
Leņķis	Trijstūru_nevienādības
Ģeometrija	Punkts_(ģeometrija)
Punkts_(ģeometrija)	Trijstūra_augstums
Leņķis	Pārdalīšana_uz_pusēm
Trijstūris	Ārējā_leņķa_teorēma
Daudzstūris	Izliekts_daudzstūris
Leņķis	Īpašie_taisnleņķa_trijstūri
Stāvums	Slīpums
Punkts_(ģeometrija)	Zvaigznes_poligons
Daudzstūris	Deltoīds
Trijstūris	Īpašie_taisnleņķa_trijstūri
Ģeometrija	Divdimensiju_telpa
Ģeometrija	Rādiuss
Plakne_(ģeometrija)	Transversāls_(ģeometrija)
Ģeometrija	Pieskare
Virsotne_(ģeometrija)	Četrstūris
Daudzstūris	Piramīda
Ģeometrija	Taisne
Virsotne_(ģeometrija)	Pitagora_trijnieks
Taisne	Refleksijas_simetrija
Četrstūris	Rombs
Ģeometrija	Rotācija_(matemātika)
Ģeometrija	Stingra_transformācija
Ģeometrija	Virsotne_(ģeometrija)
Daudzstūris	Trijstūra_augstums
Taisnleņķis	Pitagora_trijnieks
Taisne	Kvadrāts
Taisne	Daudzskaldnis
Šķautne	Rombs
Daudzstūris	Sešstūris
Plakne_(ģeometrija)	Sliektās_līnijas
Nogrieznis	Daudzskaldnis
Punkts_(ģeometrija)	Perpendikuls
Virsotne_(ģeometrija)	Pitagora_teorēma
Daudzstūris	Pieskare
Taisne	Trapece
Plakne_(ģeometrija)	Teselācija
Ģeometrija	Viduspunkts
Taisne	Vienādmalu_trijstūris
Punkts_(ģeometrija)	Koordinātu_sistēma
Simetrija	Pašlīdzība
Taisnleņķis	Pitagora_teorēma
Virsotne_(ģeometrija)	Šķautne
Virsotne_(ģeometrija)	Deviņstūris
Riņķa_līnija	Rādiuss
Leņķis	Rombs
Taisnstūris	Kvadrāts
Ģeometrija	Konuss
Trigonometriskās_funkcijas	Sinuss
Trijstūris	Pieskare
Virsotne_(ģeometrija)	Astoņstūris
Punkts_(ģeometrija)	Divpadsmitstūris
Ģeometrija	Kvadrāts
Virsotne_(ģeometrija)	Paralelograms
Taisne	Pitagora_trijnieks
Nogrieznis	Četrstūris
Leņķis	Rotācija_(matemātika)
Nogrieznis	Pitagora_trijnieks
Virsotne_(ģeometrija)	Iekšējais_un_ārējais_leņķis
Virsotne_(ģeometrija)	Daudzstūris
Ģeometrija	Vienādmalu_trijstūris
Taisne	Vienādsānu_trijstūris
Četrstūris	Kvadrāts
Taisne	Pitagora_teorēma
Nogrieznis	Vienādsānu_trijstūris
Daudzstūris	Kvadrāts
Daudzstūris	Daudzskaldnis
Nogrieznis	Pitagora_teorēma
Virsotne_(ģeometrija)	Īpašie_taisnleņķa_trijstūri
Šķautne	Trijstūris
Taisne	Slīpums
Ģeometrija	Kongruence
Virsotne_(ģeometrija)	Taisnstūris
Punkts_(ģeometrija)	Četrstūris
Punkts_(ģeometrija)	Šaurleņķa_un_platleņķa_trijstūri
Taisne	Šķautne
Punkts_(ģeometrija)	Pitagora_trijnieks
Paralēlais_(ģeometrija)	Kvadrāts
Nogrieznis	Šķautne
Taisnleņķis	Īpašie_taisnleņķa_trijstūri
Taisnleņķis	Taisnstūris
Daudzstūris	Vienādmalu_trijstūris
Riņķa_līnija	Konuss
Daudzskaldnis	Prizma
Šķautne	Desmitstūris
Leņķis	Trijstūris
Punkts_(ģeometrija)	Pitagora_teorēma
Punkts_(ģeometrija)	Nogrieznis
Taisne	Sekante
Šķautne	Kongruence
Taisne	Astoņstūris
Punkts_(ģeometrija)	Prizma
Taisne	Paralelograms
Punkts_(ģeometrija)	Šķautne
Nogrieznis	Astoņstūris
Nogrieznis	Paralelograms
Daudzstūris	Četrstūris
Punkts_(ģeometrija)	Deviņstūris
Daudzstūris	Pitagora_trijnieks
Ģeometrija	Slīpums
Ģeometrija	Plakne_(ģeometrija)
Taisne	Iekšējais_un_ārējais_leņķis
Leņķis	Desmitstūris
Taisne	Ārējā_leņķa_teorēma
Taisne	Trijstūru_nevienādības
Taisne	Daudzstūris
Trijstūris	Vienādmalu_trijstūris
Nogrieznis	Iekšējais_un_ārējais_leņķis
Nogrieznis	Ārējā_leņķa_teorēma
Nogrieznis	Trijstūru_nevienādības
Nogrieznis	Daudzstūris
Leņķis	Kongruence
Taisne	Pārdalīšana_uz_pusēm
Simetrija	Rotācija_simetrija
Taisne	Īpašie_taisnleņķa_trijstūri
Daudzstūris	Vienādsānu_trijstūris
Punkts_(ģeometrija)	Astoņstūris
Nogrieznis	Īpašie_taisnleņķa_trijstūri
Daudzstūris	Pitagora_teorēma
Punkts_(ģeometrija)	Paralelograms
Nogrieznis	Taisnstūris
Virsotne_(ģeometrija)	Pieskare
Ģeometrija	Sekante
Punkts_(ģeometrija)	Iekšējais_un_ārējais_leņķis
Ģeometrija	Pašlīdzība
Punkts_(ģeometrija)	Leņķis
Punkts_(ģeometrija)	Taisnstūris
Ģeometrija	Pārdalīšana_uz_pusēm
Daudzstūris	Astoņstūris
Daudzstūris	Paralelograms
Sinuss	Inversās_trigonometriskās_funkcijas
Punkts_(ģeometrija)	Izliekts_daudzstūris
Daudzstūris	Ārējā_leņķa_teorēma
Daudzstūris	Iekšējais_un_ārējais_leņķis
Daudzstūris	Trijstūru_nevienādības
Taisne	Rombs
Taisne	Rādiuss
Nogrieznis	Rādiuss
Ģeometrija	Sinuss
Daudzstūris	Īpašie_taisnleņķa_trijstūri
Ģeometrija	Dekarta_koordinātu_sistēma
Ģeometrija	Loks_(matemātika)
Virsotne_(ģeometrija)	Kvadrāts
Nogrieznis	Pieskare
Translēšana_(ģeometrija)	Stingra_transformācija
Punkts_(ģeometrija)	Piramīda
Simetrija	Refleksija_(matemātika)
Attālums	Trijstūra_augstums
Taisne	Horda_(matemātika)
Taisne	Rotācija_(matemātika)
Ģeometrija	Piecstūris
Taisnleņķis	Kvadrāts
Pitagora_teorēma	Pitagora_trijnieks
Virsotne_(ģeometrija)	Vienādmalu_trijstūris
Šķautne	Trigonometriskās_funkcijas
Punkts_(ģeometrija)	Divdimensiju_telpa
Punkts_(ģeometrija)	Rādiuss
Refleksija_(matemātika)	Stingra_transformācija
Trijstūris	Trijstūru_nevienādības
Šķautne	Sinuss
Punkts_(ģeometrija)	Sešstūris
Perpendikuls	Trijstūra_augstums
Ģeometrija	Transversāls_(ģeometrija)
Punkts_(ģeometrija)	Pieskare
Virsotne_(ģeometrija)	Kongruence
Taisne	Viduspunkts
Ģeometrija	Rombs
Nogrieznis	Viduspunkts
Punkts_(ģeometrija)	Taisnleņķis
Šķautne	Piecstūris
Punkts_(ģeometrija)	Stingra_transformācija
Leņķis	Sinuss
Ģeometrija	Cilindrs_(ģeometrija)
Riņķa_līnija	Loks_(matemātika)
Ģeometrija	Sliektās_līnijas
Leņķis	Dekarta_koordinātu_sistēma
Ģeometrija	Horda_(matemātika)
Trijstūris	Sinuss
Daudzstūris	Rombs
Taisne	Trijstūris
Refleksija_(matemātika)	Refleksijas_simetrija
Ģeometrija	Teselācija
Ģeometrija	Leņķa_bisektrises_teorēma
Leņķis	Piecstūris
Virsotne_(ģeometrija)	Vienādsānu_trijstūris
Nogrieznis	Kvadrāts
Paralēlais_(ģeometrija)	Rombs
Leņķis	Transversāls_(ģeometrija)
Šķautne	Septiņstūris
Punkts_(ģeometrija)	Refleksijas_simetrija
Taisne	Desmitstūris
Nogrieznis	Vienādmalu_trijstūris
Ģeometrija	Zvaigznes_poligons
Paralēlais_(ģeometrija)	Sliektās_līnijas
Taisne	Kongruence
Trigonometriskās_funkcijas	Inversās_trigonometriskās_funkcijas
Punkts_(ģeometrija)	Kvadrāts
Punkts_(ģeometrija)	Daudzskaldnis
Ģeometrija	Šķērsgriezums_(ģeometrija)
Nogrieznis	Kongruence
Šķautne	Leņķa_bisektrises_teorēma
Attālums	Loka_garums
Šķautne	Diagonāle
Riņķa_līnija	Cilindrs_(ģeometrija)
Ģeometrija	Trijstūris
Riņķa_līnija	Horda_(matemātika)
Leņķis	Septiņstūris
Punkts_(ģeometrija)	Trapece
Plakne_(ģeometrija)	Šķērsgriezums_(ģeometrija)
Koordinātu_sistēma	Dekarta_koordinātu_sistēma
Loks_(matemātika)	Loka_garums
Punkts_(ģeometrija)	Vienādmalu_trijstūris
Šķautne	Zvaigznes_poligons
Leņķis	Leņķa_bisektrises_teorēma
Leņķis	Rotācija_simetrija
Virsotne_(ģeometrija)	Ārējā_leņķa_teorēma
Virsotne_(ģeometrija)	Trijstūru_nevienādības
Ģeometrija	Perpendikuls
Leņķis	Diagonāle
Trijstūris	Leņķa_bisektrises_teorēma
Ģeometrija	Desmitstūris
Daudzstūris	Trijstūris
Ģeometrija	Vienpadsmitstūris
Leņķis	Zvaigznes_poligons
Ģeometrija	Aploce
Ģeometrija	Refleksija_(matemātika)
Taisne	Kolinearitāte
Plakne_(ģeometrija)	Koordinātu_sistēma
Daudzstūris	Desmitstūris
Punkts_(ģeometrija)	Vienādsānu_trijstūris
Skaldne	Prizma
Daudzstūris	Kongruence
Simetrija	Translēšana_(ģeometrija)
Šķautne	Vienpadsmitstūris
Punkts_(ģeometrija)	Slīpums
Ģeometrija	Divpadsmitstūris
Virsotne_(ģeometrija)	Piecstūris
Leņķis	Perpendikuls
Ģeometrija	Riņķa_līnija
Leņķis	Vienpadsmitstūris
Rotācija_(matemātika)	Rotācija_simetrija
Ģeometrija	Taisnleņķa_trijstūris
Nogrieznis	Pārdalīšana_uz_pusēm
Virsotne_(ģeometrija)	Rombs
Šķautne	Divpadsmitstūris
Punkts_(ģeometrija)	Sekante
Riņķa_līnija	Aploce
Ģeometrija	Kolinearitāte
Ģeometrija	Šaurleņķa_un_platleņķa_trijstūri
Leņķis	Refleksija_(matemātika)
Taisne	Paralēlais_(ģeometrija)
Ģeometrija	Diametrs
Punkts_(ģeometrija)	Ārējā_leņķa_teorēma
Punkts_(ģeometrija)	Trijstūru_nevienādības
Punkts_(ģeometrija)	Daudzstūris
Taisne	Sinuss
Leņķis	Divpadsmitstūris
Ģeometrija	Nogrieznis
Punkts_(ģeometrija)	Pārdalīšana_uz_pusēm
Taisne	Dekarta_koordinātu_sistēma
Nogrieznis	Sinuss
Paralelograms	Taisnstūris
Šķautne	Taisnleņķa_trijstūris
Šķautne	Četrstūris
Virsotne_(ģeometrija)	Leņķa_bisektrises_teorēma
Punkts_(ģeometrija)	Īpašie_taisnleņķa_trijstūri
Šķautne	Šaurleņķa_un_platleņķa_trijstūri
Simetrija	Stingra_transformācija
Ģeometrija	Prizma
Perpendikuls	Pārdalīšana_uz_pusēm
Taisne	Piecstūris
Ģeometrija	Deviņstūris
Nogrieznis	Piecstūris
Leņķis	Taisnleņķa_trijstūris
Taisne	Transversāls_(ģeometrija)
Leņķis	Četrstūris
Leņķis	Šaurleņķa_un_platleņķa_trijstūri
Ģeometrija	Paralēlais_(ģeometrija)
Ģeometrija	Inversās_trigonometriskās_funkcijas
Trijstūris	Taisnleņķa_trijstūris
Šķautne	Prizma
Ģeometrija	Trigonometriskās_funkcijas
Riņķa_līnija	Diametrs
Trijstūris	Šaurleņķa_un_platleņķa_trijstūri
Nogrieznis	Rombs
Paralēlais_(ģeometrija)	Prizma
Ģeometrija	Koncentrisks
Šķautne	Deviņstūris
Simetrija	Refleksijas_simetrija
Virsotne_(ģeometrija)	Trijstūris
Divdimensiju_telpa	Dekarta_koordinātu_sistēma
Taisne	Sliektās_līnijas
Taisne	Septiņstūris
Rotācija_(matemātika)	Refleksija_(matemātika)
Nogrieznis	Horda_(matemātika)
Paralelograms	Rombs
Leņķis	Prizma
Šķautne	Inversās_trigonometriskās_funkcijas
Taisne	Leņķa_bisektrises_teorēma
Punkts_(ģeometrija)	Rombs
Taisne	Rotācija_simetrija
Daudzstūris	Sinuss
Virsotne_(ģeometrija)	Desmitstūris
Leņķis	Deviņstūris
Nogrieznis	Leņķa_bisektrises_teorēma
Taisne	Diagonāle
Viduspunkts	Pārdalīšana_uz_pusēm
Virsotne_(ģeometrija)	Vienpadsmitstūris
Punkts_(ģeometrija)	Taisne
Šķautne	Iekšējais_un_ārējais_leņķis
Daudzstūris	Piecstūris
Ģeometrija	Translēšana_(ģeometrija)
Punkts_(ģeometrija)	Horda_(matemātika)
Leņķis	Inversās_trigonometriskās_funkcijas
Taisne	Zvaigznes_poligons
Leņķis	Trigonometriskās_funkcijas
Punkts_(ģeometrija)	Virsotne_(ģeometrija)
Punkts_(ģeometrija)	Rotācija_(matemātika)
Ģeometrija	Izliekts_daudzstūris
Nogrieznis	Zvaigznes_poligons
Trijstūris	Inversās_trigonometriskās_funkcijas
Šķautne	Taisnstūris
Ģeometrija	Deltoīds
Trijstūris	Trigonometriskās_funkcijas
Ģeometrija	Septiņstūris
Punkts_(ģeometrija)	Viduspunkts
Nogrieznis	Trijstūris
Ģeometrija	Piramīda
Ģeometrija	Rotācija_simetrija
Ģeometrija	Stāvums
Četrstūris	Deltoīds
Šķautne	Izliekts_daudzstūris
Leņķis	Taisnstūris
Ģeometrija	Diagonāle
Daudzstūris	Septiņstūris
Ģeometrija	Trijstūra_augstums
Šķautne	Deltoīds
Taisne	Perpendikuls
Skaldne	Daudzskaldnis
Ģeometrija	Sešstūris
Virsotne_(ģeometrija)	Taisnleņķa_trijstūris
Paralelograms	Kvadrāts
Nogrieznis	Desmitstūris
Taisne	Vienpadsmitstūris
Daudzstūris	Leņķa_bisektrises_teorēma
Ģeometrija	Skaldne
Punkts_(ģeometrija)	Trijstūris
Virsotne_(ģeometrija)	Šaurleņķa_un_platleņķa_trijstūri
Šķautne	Piramīda
Nogrieznis	Vienpadsmitstūris
Plakne_(ģeometrija)	Divdimensiju_telpa
Ģeometrija	Taisnleņķis
Leņķis	Izliekts_daudzstūris
Taisnleņķis	Taisnleņķa_trijstūris
Daudzstūris	Diagonāle
Taisne	Refleksija_(matemātika)
Leņķis	Deltoīds
Šķautne	Trijstūra_augstums
Daudzstūris	Zvaigznes_poligons
Šķautne	Sešstūris
Punkts_(ģeometrija)	Desmitstūris
Horda_(matemātika)	Diametrs
Šķautne	Pieskare
Leņķis	Piramīda
Punkts_(ģeometrija)	Vienpadsmitstūris
Taisne	Divpadsmitstūris
Punkts_(ģeometrija)	Kongruence
Virsotne_(ģeometrija)	Prizma
Viduspunkts	Leņķa_bisektrises_teorēma
Nogrieznis	Divpadsmitstūris
Leņķis	Trijstūra_augstums
Punkts_(ģeometrija)	Refleksija_(matemātika)
Ģeometrija	Koordinātu_sistēma
Leņķis	Sešstūris
Trijstūris	Trijstūra_augstums
Ģeometrija	Refleksijas_simetrija
Leņķis	Pieskare
Divdimensiju_telpa	Koordinātu_sistēma
Taisnleņķa_trijstūris	Pitagora_trijnieks
Virsotne_(ģeometrija)	Inversās_trigonometriskās_funkcijas
Taisne	Taisnleņķa_trijstūris
Leņķis	Taisnleņķis
Taisne	Četrstūris
Virsotne_(ģeometrija)	Trigonometriskās_funkcijas
Rādiuss	Diametrs
Taisne	Šaurleņķa_un_platleņķa_trijstūri
Nogrieznis	Taisnleņķa_trijstūris
Ģeometrija	Daudzskaldnis
Leņķis	Stingra_transformācija
Virsotne_(ģeometrija)	Sinuss
Nogrieznis	Šaurleņķa_un_platleņķa_trijstūri
Daudzstūris	Vienpadsmitstūris
Taisne	Diametrs
Iekšējais_un_ārējais_leņķis	Ārējā_leņķa_teorēma
Taisnleņķa_trijstūris	Pitagora_teorēma
Nogrieznis	Diametrs
Ģeometrija	Trapece
Ģeometrija	Loka_garums
Taisne	Nogrieznis
Punkts_(ģeometrija)	Taisnleņķa_trijstūris
Šķautne	Kvadrāts
Šķautne	Daudzskaldnis
Taisne	Prizma
Punkts_(ģeometrija)	Kolinearitāte
Nogrieznis	Prizma
Taisne	Deviņstūris
Daudzstūris	Divpadsmitstūris
Punkts_(ģeometrija)	Diametrs
Trigonometriskās_funkcijas	Pieskare
Leņķis	Refleksijas_simetrija
Nogrieznis	Deviņstūris
Ģeometrija	Četrstūris
Ģeometrija	Sfēra
Šķautne	Vienādmalu_trijstūris
Ģeometrija	Simetrija
Ģeometrija	Pitagora_trijnieks
Virsotne_(ģeometrija)	Izliekts_daudzstūris
Leņķis	Kvadrāts
Leņķis	Daudzskaldnis
Taisne	Inversās_trigonometriskās_funkcijas
Taisne	Trigonometriskās_funkcijas
Virsotne_(ģeometrija)	Deltoīds
Nogrieznis	Inversās_trigonometriskās_funkcijas
Virsotne_(ģeometrija)	Septiņstūris
Nogrieznis	Trigonometriskās_funkcijas
Ģeometrija	Vienādsānu_trijstūris
Daudzstūris	Taisnleņķa_trijstūris
Leņķis	Trapece
Ģeometrija	Pitagora_teorēma
Leņķis	Vienādmalu_trijstūris
Daudzstūris	Šaurleņķa_un_platleņķa_trijstūri
Riņķa_līnija	Loka_garums
Virsotne_(ģeometrija)	Piramīda
Simetrija	Rotācija_(matemātika)
Rotācija_(matemātika)	Stingra_transformācija
Šķautne	Pitagora_trijnieks
Ģeometrija	Šķautne
Taisnleņķa_trijstūris	Īpašie_taisnleņķa_trijstūri
Virsotne_(ģeometrija)	Diagonāle
Punkts_(ģeometrija)	Paralēlais_(ģeometrija)
Punkts_(ģeometrija)	Inversās_trigonometriskās_funkcijas
Virsotne_(ģeometrija)	Trijstūra_augstums
Taisne	Leņķis
Attālums	Dekarta_koordinātu_sistēma
Taisne	Taisnstūris
Punkts_(ģeometrija)	Trigonometriskās_funkcijas
Ārējā_leņķa_teorēma	Ģeometrija
Daudzstūris	Nogrieznis
Slīpums	Pieskare
Simetrija	Viduspunkts
Iekšējais_un_ārējais_leņķis	Taisne
Riņķa_līnija	Četrstūris
Šaurleņķa_un_platleņķa_trijstūri	Vienādsānu_trijstūris
Četrstūris	Šķautne
Sfēra	Diametrs
Diametrs	Horda_(matemātika)
Leņķa_bisektrises_teorēma	Virsotne_(ģeometrija)
Desmitstūris	Šķautne
Vienpadsmitstūris	Leņķis
Šķautne	Ģeometrija
Riņķa_līnija	Simetrija
Konuss	Rotācija_simetrija
Aploce	Ģeometrija
Transversāls_(ģeometrija)	Leņķis
Prizma	Taisne
Šaurleņķa_un_platleņķa_trijstūri	Ģeometrija
Loka_garums	Punkts_(ģeometrija)
Viduspunkts	Kolinearitāte
Taisnstūris	Daudzstūris
Iekšējais_un_ārējais_leņķis	Virsotne_(ģeometrija)
Kvadrāts	Nogrieznis
Kolinearitāte	Taisne
Vienādsānu_trijstūris	Diagonāle
Koordinātu_sistēma	Daudzskaldnis
Inversās_trigonometriskās_funkcijas	Šķautne
Rādiuss	Septiņstūris
Dekarta_koordinātu_sistēma	Leņķis
Piramīda	Perpendikuls
Kongruence	Trijstūra_augstums
Viduspunkts	Diametrs
Kvadrāts	Prizma
Leņķa_bisektrises_teorēma	Viduspunkts
Taisnstūris	Īpašie_taisnleņķa_trijstūri
Pitagora_teorēma	Aploce
Diagonāle	Leņķis
Astoņstūris	Nogrieznis
Telpa_(matemātika)	Kongruence
Trijstūru_nevienādības	Taisne
Leņķis	Ģeometrija
Taisnleņķa_trijstūris	Punkts_(ģeometrija)
Skaldne	Rombs
Simetrija	Kvadrāts
Viduspunkts	Nogrieznis
Loka_garums	Pieskare
Taisne	Punkts_(ģeometrija)
Vienādmalu_trijstūris	Trijstūris
Perpendikuls	Transversāls_(ģeometrija)
Trijstūru_nevienādības	Virsotne_(ģeometrija)
Zvaigznes_poligons	Daudzskaldnis
Divdimensiju_telpa	Leņķis
Attālums	Cilindrs_(ģeometrija)
Trijstūris	Šķautne
Divdimensiju_telpa	Taisnstūris
Vienpadsmitstūris	Punkts_(ģeometrija)
Četrstūris	Daudzstūris
Deltoīds	Taisnleņķa_trijstūris
Desmitstūris	Daudzstūris
Transversāls_(ģeometrija)	Punkts_(ģeometrija)
Ārējā_leņķa_teorēma	Daudzstūris
Izliekts_daudzstūris	Diagonāle
Skaldne	Virsotne_(ģeometrija)
Diametrs	Trijstūris
Zvaigznes_poligons	Divpadsmitstūris
Taisnleņķa_trijstūris	Taisne
Sfēra	Koncentrisks
Attālums	Rotācija_simetrija
Iekšējais_un_ārējais_leņķis	Trijstūris
Stingra_transformācija	Taisne
Īpašie_taisnleņķa_trijstūri	Taisne
Šaurleņķa_un_platleņķa_trijstūri	Daudzstūris
Dekarta_koordinātu_sistēma	Punkts_(ģeometrija)
Konuss	Perpendikuls
Taisnleņķis	Koordinātu_sistēma
Pieskare	Loka_garums
Perpendikuls	Cilindrs_(ģeometrija)
Daudzstūris	Leņķis
Pārdalīšana_uz_pusēm	Perpendikuls
Vienpadsmitstūris	Divdimensiju_telpa
Šaurleņķa_un_platleņķa_trijstūri	Pārdalīšana_uz_pusēm
Vienādsānu_trijstūris	Perpendikuls
Trapece	Izliekts_daudzstūris
Taisnleņķa_trijstūris	Virsotne_(ģeometrija)
Nogrieznis	Skaldne
Riņķa_līnija	Līdzība
Trijstūra_augstums	Vienādmalu_trijstūris
Inversās_trigonometriskās_funkcijas	Leņķis
Stingra_transformācija	Rotācija_(matemātika)
Īpašie_taisnleņķa_trijstūri	Virsotne_(ģeometrija)
Leņķis	Līdzība
Deviņstūris	Ģeometrija
Trijstūris	Paralelograms
Pitagora_teorēma	Taisnleņķa_trijstūris
Vienpadsmitstūris	Taisne
Koncentrisks	Ģeometrija
Riņķa_līnija	Ārējā_leņķa_teorēma
Rotācija_(matemātika)	Simetrija
Kvadrāts	Leņķis
Plakne_(ģeometrija)	Loks_(matemātika)
Perpendikuls	Rotācija_simetrija
Loks_(matemātika)	Viduspunkts
Sešstūris	Piecstūris
Trigonometriskās_funkcijas	Ģeometrija
Teselācija	Izliekts_daudzstūris
Dekarta_koordinātu_sistēma	Rādiuss
Dekarta_koordinātu_sistēma	Divdimensiju_telpa
Taisnstūris	Rombs
Koordinātu_sistēma	Ģeometrija
Diametrs	Kongruence
Pieskare	Četrstūris
Sinuss	Rombs
Pitagora_teorēma	Diametrs
Divdimensiju_telpa	Punkts_(ģeometrija)
Trijstūru_nevienādības	Trijstūris
Stāvums	Ģeometrija
Zvaigznes_poligons	Simetrija
Riņķa_līnija	Īpašie_taisnleņķa_trijstūri
Trapece	Rotācija_simetrija
Taisnleņķa_trijstūris	Viduspunkts
Riņķa_līnija	Leņķis
Trijstūris	Daudzstūris
Piramīda	Šaurleņķa_un_platleņķa_trijstūri
Riņķa_līnija	Taisnstūris
Virsotne_(ģeometrija)	Riņķa_līnija
Taisnstūris	Taisne
Dekarta_koordinātu_sistēma	Taisnleņķis
Sekante	Trigonometriskās_funkcijas
Attālums	Trijstūris
Rotācija_(matemātika)	Ģeometrija
Sliektās_līnijas	Taisne
Teselācija	Rotācija_simetrija
Trijstūris	Leņķis
Trijstūris	Taisnstūris
Rādiuss	Koordinātu_sistēma
Trijstūra_augstums	Simetrija
Rombs	Četrstūris
Paralelograms	Trijstūris
Sinuss	Horda_(matemātika)
Daudzstūris	Punkts_(ģeometrija)
Taisnstūris	Virsotne_(ģeometrija)
Pieskare	Ģeometrija
Sliektās_līnijas	Virsotne_(ģeometrija)
Šķērsgriezums_(ģeometrija)	Plakne_(ģeometrija)
Piramīda	Nogrieznis
Inversās_trigonometriskās_funkcijas	Punkts_(ģeometrija)
Paralēlais_(ģeometrija)	Punkts_(ģeometrija)
Konuss	Riņķa_līnija
Pārdalīšana_uz_pusēm	Riņķa_līnija
Sinuss	Leņķa_bisektrises_teorēma
Trapece	Taisnleņķis
Īpašie_taisnleņķa_trijstūri	Trijstūris
Zvaigznes_poligons	Šķautne
Leņķis	Loks_(matemātika)
Desmitstūris	Divdimensiju_telpa
Pieskare	Šķautne
Kvadrāts	Punkts_(ģeometrija)
Attālums	Perpendikuls
Teselācija	Zvaigznes_poligons
Leņķa_bisektrises_teorēma	Ģeometrija
Piramīda	Šķautne
Deviņstūris	Daudzstūris
Trijstūra_augstums	Ģeometrija
Teselācija	Skaldne
Rotācija_simetrija	Refleksijas_simetrija
Stāvums	Paralelograms
Sfēra	Piramīda
Rombs	Nogrieznis
Aploce	Rombs
Četrstūris	Taisne
Koncentrisks	Daudzstūris
Desmitstūris	Taisne
Skaldne	Kongruence
Sešstūris	Teselācija
Slīpums	Ģeometrija
Kvadrāts	Diagonāle
Ārējā_leņķa_teorēma	Taisne
Pārdalīšana_uz_pusēm	Četrstūris
Riņķa_līnija	Punkts_(ģeometrija)
Taisnleņķa_trijstūris	Vienādmalu_trijstūris
Pitagora_teorēma	Inversās_trigonometriskās_funkcijas
Vienādsānu_trijstūris	Taisnleņķa_trijstūris
Daudzstūris	Skaldne
Attālums	Aploce
Rādiuss	Loka_garums
Pārdalīšana_uz_pusēm	Simetrija
Prizma	Ģeometrija
Rombs	Šķautne
Šķautne	Taisne
Četrstūris	Virsotne_(ģeometrija)
Dekarta_koordinātu_sistēma	Konuss
Attālums	Refleksija_(matemātika)
Inversās_trigonometriskās_funkcijas	Taisne
Desmitstūris	Virsotne_(ģeometrija)
Šaurleņķa_un_platleņķa_trijstūri	Taisne
Rotācija_(matemātika)	Līdzība
Trijstūris	Punkts_(ģeometrija)
Pārdalīšana_uz_pusēm	Diametrs
Paralēlais_(ģeometrija)	Taisne
Rādiuss	Riņķa_līnija
Ārējā_leņķa_teorēma	Virsotne_(ģeometrija)
Viduspunkts	Rotācija_simetrija
Pieskare	Paralelograms
Divpadsmitstūris	Nogrieznis
Kvadrāts	Skaldne
Šķautne	Virsotne_(ģeometrija)
Horda_(matemātika)	Ģeometrija
Septiņstūris	Nogrieznis
Dekarta_koordinātu_sistēma	Daudzskaldnis
Leņķis	Rādiuss
Daudzskaldnis	Divpadsmitstūris
Sešstūris	Zvaigznes_poligons
Taisnstūris	Trijstūris
Šaurleņķa_un_platleņķa_trijstūri	Virsotne_(ģeometrija)
Cilindrs_(ģeometrija)	Ģeometrija
Kvadrāts	Taisnleņķis
Plakne_(ģeometrija)	Viduspunkts
Konuss	Nogrieznis
Pārdalīšana_uz_pusēm	Nogrieznis
Sinuss	Trijstūris
Divpadsmitstūris	Šķautne
Diagonāle	Daudzskaldnis
Izliekts_daudzstūris	Riņķa_līnija
Kongruence	Pitagora_teorēma
Sešstūris	Šaurleņķa_un_platleņķa_trijstūri
Vienādsānu_trijstūris	Nogrieznis
Perpendikuls	Refleksija_(matemātika)
Zvaigznes_poligons	Iekšējais_un_ārējais_leņķis
Kongruence	Ģeometrija
Riņķa_līnija	Taisne
Rotācija_simetrija	Riņķa_līnija
Trapece	Refleksijas_simetrija
Zvaigznes_poligons	Daudzstūris
Leņķis	Taisne
Loka_garums	Pitagora_teorēma
Pieskare	Daudzstūris
Rombs	Paralelograms
Loka_garums	Ģeometrija
Trijstūra_augstums	Līdzība
Pieskare	Pārdalīšana_uz_pusēm
Kongruence	Šķautne
Leņķis	Horda_(matemātika)
Diagonāle	Trapece
Trijstūris	Taisne
Attālums	Riņķa_līnija
Sešstūris	Trijstūris
Riņķa_līnija	Rotācija_(matemātika)
Izliekts_daudzstūris	Četrstūris
Trapece	Daudzskaldnis
Zvaigznes_poligons	Leņķis
Šaurleņķa_un_platleņķa_trijstūri	Viduspunkts
Sekante	Stāvums
Trijstūra_augstums	Daudzstūris
Divdimensiju_telpa	Kvadrāts
Sinuss	Virsotne_(ģeometrija)
Trijstūru_nevienādības	Kolinearitāte
Piramīda	Leņķis
Piramīda	Taisnstūris
Leņķa_bisektrises_teorēma	Pārdalīšana_uz_pusēm
Rotācija_simetrija	Simetrija
Refleksija_(matemātika)	Simetrija
Horda_(matemātika)	Sekante
Trijstūris	Virsotne_(ģeometrija)
Rādiuss	Nogrieznis
Plakne_(ģeometrija)	Trijstūris
Attālums	Taisnleņķa_trijstūris
Teselācija	Daudzskaldnis
Translēšana_(ģeometrija)	Nogrieznis
Daudzstūris	Konuss
Četrstūris	Trijstūris
Attālums	Kolinearitāte
Prizma	Daudzstūris
Perpendikuls	Riņķa_līnija
Līdzība	Trijstūris
Ārējā_leņķa_teorēma	Trijstūris
Rombs	Leņķis
Deltoīds	Diagonāle
Leņķis	Viduspunkts
Taisne	Ģeometrija
Vienādmalu_trijstūris	Koncentrisks
Izliekts_daudzstūris	Pitagora_teorēma
Refleksijas_simetrija	Četrstūris
Kongruence	Paralelograms
Virsotne_(ģeometrija)	Leņķis
Attālums	Diametrs
Sfēra	Koordinātu_sistēma
Refleksijas_simetrija	Simetrija
Diagonāle	Četrstūris
Šaurleņķa_un_platleņķa_trijstūri	Trijstūris
Pieskare	Loks_(matemātika)
Trijstūris	Viduspunkts
Piramīda	Izliekts_daudzstūris
Plakne_(ģeometrija)	Perpendikuls
Vienpadsmitstūris	Ģeometrija
Paralelograms	Diametrs
Īpašie_taisnleņķa_trijstūri	Taisnleņķa_trijstūris
Daudzskaldnis	Nogrieznis
Transversāls_(ģeometrija)	Ģeometrija
Izliekts_daudzstūris	Šķautne
Koordinātu_sistēma	Divdimensiju_telpa
Koordinātu_sistēma	Rādiuss
Horda_(matemātika)	Pārdalīšana_uz_pusēm
Taisnleņķis	Leņķis
Attālums	Nogrieznis
Sfēra	Daudzskaldnis
Divpadsmitstūris	Leņķis
Kongruence	Daudzstūris
Daudzstūris	Loka_garums
Daudzskaldnis	Šķautne
Septiņstūris	Leņķis
Zvaigznes_poligons	Punkts_(ģeometrija)
Deviņstūris	Virsotne_(ģeometrija)
Trapece	Četrstūris
Loka_garums	Trijstūru_nevienādības
Perpendikuls	Diametrs
Kongruence	Pārdalīšana_uz_pusēm
Rombs	Izliekts_daudzstūris
Dekarta_koordinātu_sistēma	Ģeometrija
Paralelograms	Nogrieznis
Piramīda	Punkts_(ģeometrija)
Konuss	Leņķis
Attālums	Prizma
Stāvums	Taisne
Pārdalīšana_uz_pusēm	Leņķis
Riņķa_līnija	Kvadrāts
Trapece	Simetrija
Pārdalīšana_uz_pusēm	Taisnstūris
Vienādsānu_trijstūris	Leņķis
Paralelograms	Prizma
Diagonāle	Ģeometrija
Teselācija	Četrstūris
Sinuss	Riņķa_līnija
Iekšējais_un_ārējais_leņķis	Piecstūris
Sfēra	Loka_garums
Sliektās_līnijas	Plakne_(ģeometrija)
Pieskare	Rombs
Diagonāle	Šķautne
Zvaigznes_poligons	Divdimensiju_telpa
Rombs	Punkts_(ģeometrija)
Rotācija_(matemātika)	Taisne
Izliekts_daudzstūris	Paralelograms
Perpendikuls	Prizma
Prizma	Piecstūris
Rombs	Piramīda
Rotācija_simetrija	Astoņstūris
Rotācija_simetrija	Paralelograms
Horda_(matemātika)	Loks_(matemātika)
Virsotne_(ģeometrija)	Punkts_(ģeometrija)
Vienādsānu_trijstūris	Ģeometrija
Divdimensiju_telpa	Pitagora_teorēma
Taisnstūris	Kolinearitāte
Divdimensiju_telpa	Ģeometrija
Sinuss	Taisnleņķa_trijstūris
Deltoīds	Perpendikuls
Zvaigznes_poligons	Taisne
Iekšējais_un_ārējais_leņķis	Transversāls_(ģeometrija)
Pieskare	Taisne
Piramīda	Pieskare
Attālums	Trigonometriskās_funkcijas
Šķērsgriezums_(ģeometrija)	Cilindrs_(ģeometrija)
Koordinātu_sistēma	Viduspunkts
Izliekts_daudzstūris	Iekšējais_un_ārējais_leņķis
Riņķa_līnija	Kongruence
Vienādsānu_trijstūris	Izliekts_daudzstūris
Izliekts_daudzstūris	Daudzstūris
Taisnleņķis	Punkts_(ģeometrija)
Kvadrāts	Četrstūris
Rotācija_simetrija	Daudzstūris
Loka_garums	Loks_(matemātika)
Divpadsmitstūris	Punkts_(ģeometrija)
Zvaigznes_poligons	Virsotne_(ģeometrija)
Vienpadsmitstūris	Daudzstūris
Trijstūra_augstums	Taisne
Pieskare	Virsotne_(ģeometrija)
Septiņstūris	Punkts_(ģeometrija)
Teselācija	Šķautne
Izliekts_daudzstūris	Leņķis
Rombs	Skaldne
Diagonāle	Paralelograms
Vienādmalu_trijstūris	Rotācija_simetrija
Sešstūris	Kolinearitāte
Daudzstūris	Ģeometrija
Pitagora_trijnieks	Trijstūris
Pārdalīšana_uz_pusēm	Punkts_(ģeometrija)
Diametrs	Cilindrs_(ģeometrija)
Slīpums	Taisne
Rotācija_simetrija	Leņķis
Konuss	Piramīda
Vienādsānu_trijstūris	Punkts_(ģeometrija)
Rotācija_simetrija	Taisnstūris
Kongruence	Punkts_(ģeometrija)
Refleksija_(matemātika)	Leņķis
Trijstūra_augstums	Virsotne_(ģeometrija)
Vienādsānu_trijstūris	Piramīda
Inversās_trigonometriskās_funkcijas	Ģeometrija
Daudzskaldnis	Leņķis
Sinuss	Nogrieznis
Daudzstūris	Šķautne
Trigonometriskās_funkcijas	Trijstūris
Paralēlais_(ģeometrija)	Ģeometrija
Viduspunkts	Četrstūris
Līdzība	Mērogošana_(ģeometrija)
Plakne_(ģeometrija)	Kolinearitāte
Koordinātu_sistēma	Trijstūris
Pieskare	Viduspunkts
Diagonāle	Daudzstūris
Kvadrāts	Ģeometrija
Koordinātu_sistēma	Kvadrāts
Sfēra	Pitagora_teorēma
Taisnleņķis	Taisne
Pārdalīšana_uz_pusēm	Trijstūra_augstums
Paralelograms	Leņķis
Diagonāle	Pārdalīšana_uz_pusēm
Prizma	Virsotne_(ģeometrija)
Vienādsānu_trijstūris	Trijstūra_augstums
Iekšējais_un_ārējais_leņķis	Leņķa_bisektrises_teorēma
Horda_(matemātika)	Taisne
Refleksijas_simetrija	Leņķis
Trapece	Līdzība
Sekante	Riņķa_līnija
Sešstūris	Nogrieznis
Kvadrāts	Šķautne
Refleksijas_simetrija	Taisnstūris
Šaurleņķa_un_platleņķa_trijstūri	Taisnleņķa_trijstūris
Trijstūra_augstums	Viduspunkts
Konuss	Pieskare
Teselācija	Paralelograms
Riņķa_līnija	Ģeometrija
Rādiuss	Punkts_(ģeometrija)
Mērogošana_(ģeometrija)	Translēšana_(ģeometrija)
Īpašie_taisnleņķa_trijstūri	Piecstūris
Vienādsānu_trijstūris	Pieskare
Perpendikuls	Leņķis
Attālums	Translēšana_(ģeometrija)
Kongruence	Taisne
Divdimensiju_telpa	Daudzstūris
Perpendikuls	Taisnstūris
Taisnstūris	Paralēlais_(ģeometrija)
Astoņstūris	Šķautne
Aploce	Diametrs
Trijstūris	Ģeometrija
Sliektās_līnijas	Paralēlais_(ģeometrija)
Līdzība	Nogrieznis
Izliekts_daudzstūris	Punkts_(ģeometrija)
Trapece	Leņķis
Pieskare	Trijstūris
Nogrieznis	Punkts_(ģeometrija)
Sinuss	Trigonometriskās_funkcijas
Kongruence	Virsotne_(ģeometrija)
Daudzstūris	Līdzība
Loka_garums	Horda_(matemātika)
Rotācija_simetrija	Punkts_(ģeometrija)
Koordinātu_sistēma	Kongruence
Trapece	Taisnstūris
Piramīda	Daudzskaldnis
Refleksija_(matemātika)	Punkts_(ģeometrija)
Daudzskaldnis	Punkts_(ģeometrija)
Deltoīds	Četrstūris
Leņķa_bisektrises_teorēma	Trijstūris
Kvadrāts	Paralelograms
Stingra_transformācija	Translēšana_(ģeometrija)
Horda_(matemātika)	Viduspunkts
Trijstūra_augstums	Trijstūris
Teselācija	Leņķis
Teselācija	Taisnstūris
Kvadrāts	Līdzība
Šķērsgriezums_(ģeometrija)	Perpendikuls
Inversās_trigonometriskās_funkcijas	Daudzstūris
Sfēra	Līdzība
Deltoīds	Diametrs
Pitagora_teorēma	Riņķa_līnija
Piramīda	Vienādmalu_trijstūris
Attālums	Stāvums
Rombs	Kvadrāts
Rombs	Daudzskaldnis
Plakne_(ģeometrija)	Paralēlais_(ģeometrija)
Refleksijas_simetrija	Punkts_(ģeometrija)
Kvadrāts	Daudzstūris
Sfēra	Ārējā_leņķa_teorēma
Diagonāle	Punkts_(ģeometrija)
Izliekts_daudzstūris	Taisne
Nogrieznis	Taisne
Sfēra	Daudzstūris
Sfēra	Trijstūru_nevienādības
Leņķa_bisektrises_teorēma	Perpendikuls
Viduspunkts	Paralelograms
Rotācija_simetrija	Taisne
Perpendikuls	Punkts_(ģeometrija)
Deltoīds	Nogrieznis
Transversāls_(ģeometrija)	Taisne
Daudzskaldnis	Skaldne
Līdzība	Trigonometriskās_funkcijas
Viduspunkts	Līdzība
Riņķa_līnija	Trijstūru_nevienādības
Astoņstūris	Daudzstūris
Kvadrāts	Taisnstūris
Iekšējais_un_ārējais_leņķis	Perpendikuls
Izliekts_daudzstūris	Virsotne_(ģeometrija)
Sfēra	Leņķis
Sfēra	Taisnstūris
Deltoīds	Šķautne
Trapece	Punkts_(ģeometrija)
Diagonāle	Rombs
Riņķa_līnija	Pārdalīšana_uz_pusēm
Rotācija_simetrija	Rotācija_(matemātika)
Viduspunkts	Ārējā_leņķa_teorēma
Vienpadsmitstūris	Virsotne_(ģeometrija)
Koordinātu_sistēma	Plakne_(ģeometrija)
Refleksija_(matemātika)	Rotācija_(matemātika)
Pitagora_trijnieks	Taisnleņķa_trijstūris
Dekarta_koordinātu_sistēma	Taisne
Pārdalīšana_uz_pusēm	Kvadrāts
Astoņstūris	Leņķis
Trijstūris	Pārdalīšana_uz_pusēm
Attālums	Stingra_transformācija
Loka_garums	Trijstūris
Četrstūris	Piecstūris
Diagonāle	Taisne
Desmitstūris	Piecstūris
Piecstūris	Nogrieznis
Viduspunkts	Īpašie_taisnleņķa_trijstūri
Viduspunkts	Taisnstūris
Pitagora_teorēma	Nogrieznis
Dekarta_koordinātu_sistēma	Rotācija_(matemātika)
Leņķis	Paralēlais_(ģeometrija)
Pārdalīšana_uz_pusēm	Vienādmalu_trijstūris
Piecstūris	Šķautne
Rombs	Simetrija
Diagonāle	Virsotne_(ģeometrija)
Pašlīdzība	Simetrija
Perpendikuls	Taisnleņķis
Pitagora_teorēma	Šķautne
Zvaigznes_poligons	Ģeometrija
Trapece	Taisne
Deltoīds	Paralelograms
Šķērsgriezums_(ģeometrija)	Riņķa_līnija
Deviņstūris	Nogrieznis
Pitagora_trijnieks	Nogrieznis
Piramīda	Ģeometrija
Taisnleņķa_trijstūris	Trijstūris
Sinuss	Stāvums
Taisnstūris	Diagonāle
Trigonometriskās_funkcijas	Nogrieznis
Sfēra	Punkts_(ģeometrija)
Rombs	Vienādsānu_trijstūris
Leņķa_bisektrises_teorēma	Riņķa_līnija
Daudzstūris	Rādiuss
Diagonāle	Viduspunkts
Riņķa_līnija	Piecstūris
Diametrs	Riņķa_līnija
Rombs	Ģeometrija
Vienādmalu_trijstūris	Šaurleņķa_un_platleņķa_trijstūri
Izliekts_daudzstūris	Kvadrāts
Attālums	Koordinātu_sistēma
Pieskare	Kolinearitāte
Loka_garums	Aploce
Astoņstūris	Punkts_(ģeometrija)
Attālums	Refleksijas_simetrija
Rotācija_simetrija	Kvadrāts
Iekšējais_un_ārējais_leņķis	Riņķa_līnija
Daudzstūris	Taisne
Virsotne_(ģeometrija)	Ģeometrija
Taisnleņķa_trijstūris	Perpendikuls
Mēroga_koeficients	Līdzība
Kvadrāts	Rombs
Pitagora_teorēma	Paralelograms
Deltoīds	Leņķis
Trijstūra_augstums	Taisnleņķa_trijstūris
Sfēra	Rādiuss
Sfēra	Divdimensiju_telpa
Viduspunkts	Punkts_(ģeometrija)
Diametrs	Taisnleņķa_trijstūris
Trijstūra_augstums	Kolinearitāte
Plakne_(ģeometrija)	Piramīda
Pieskare	Sekante
Loks_(matemātika)	Aploce
Taisnleņķis	Ģeometrija
Daudzstūris	Virsotne_(ģeometrija)
Četrstūris	Rotācija_simetrija
Dekarta_koordinātu_sistēma	Trijstūris
Riņķa_līnija	Rombs
Divpadsmitstūris	Ģeometrija
Kvadrāts	Taisne
Astoņstūris	Divdimensiju_telpa
Daudzstūris	Teselācija
Sfēra	Taisne
Šķērsgriezums_(ģeometrija)	Nogrieznis
Septiņstūris	Ģeometrija
Refleksijas_simetrija	Kvadrāts
Refleksijas_simetrija	Daudzskaldnis
Vienādmalu_trijstūris	Nogrieznis
Perpendikuls	Refleksijas_simetrija
Konuss	Pitagora_teorēma
Inversās_trigonometriskās_funkcijas	Virsotne_(ģeometrija)
Konuss	Ģeometrija
Pārdalīšana_uz_pusēm	Ģeometrija
Šķērsgriezums_(ģeometrija)	Prizma
Vienādsānu_trijstūris	Pitagora_teorēma
Trijstūris	Rombs
Stāvums	Paralēlais_(ģeometrija)
Stingra_transformācija	Refleksija_(matemātika)
Kvadrāts	Virsotne_(ģeometrija)
Piecstūris	Leņķis
Astoņstūris	Taisne
Septiņstūris	Šķautne
Perpendikuls	Kvadrāts
Sfēra	Virsotne_(ģeometrija)
Paralelograms	Trapece
Sfēra	Rotācija_(matemātika)
Deltoīds	Izliekts_daudzstūris
Kolinearitāte	Četrstūris
Leņķa_bisektrises_teorēma	Nogrieznis
Pitagora_teorēma	Leņķis
Translēšana_(ģeometrija)	Simetrija
Piramīda	Daudzstūris
Leņķis	Cilindrs_(ģeometrija)
Diametrs	Nogrieznis
Sfēra	Teselācija
Daudzstūris	Viduspunkts
Plakne_(ģeometrija)	Skaldne
Viduspunkts	Taisne
Vienādsānu_trijstūris	Šķautne
Desmitstūris	Zvaigznes_poligons
Horda_(matemātika)	Kolinearitāte
Sekante	Punkts_(ģeometrija)
Refleksijas_simetrija	Vienādmalu_trijstūris
Rombs	Līdzība
Astoņstūris	Virsotne_(ģeometrija)
Trapece	Kvadrāts
Iekšējais_un_ārējais_leņķis	Nogrieznis
Telpa_(matemātika)	Leņķis
Trijstūru_nevienādības	Četrstūris
Dekarta_koordinātu_sistēma	Kongruence
Sliektās_līnijas	Perpendikuls
Prizma	Nogrieznis
Loks_(matemātika)	Riņķa_līnija
Rombs	Daudzstūris
Deltoīds	Punkts_(ģeometrija)
Loka_garums	Taisnleņķa_trijstūris
Daudzskaldnis	Sfēra
Teselācija	Kvadrāts
Leņķis	Stāvums
Pieskare	Paralēlais_(ģeometrija)
Kolinearitāte	Nogrieznis
Rombs	Pārdalīšana_uz_pusēm
Translēšana_(ģeometrija)	Ģeometrija
Attālums	Četrstūris
Rādiuss	Ģeometrija
Sinuss	Koordinātu_sistēma
Taisnleņķa_trijstūris	Ģeometrija
Dekarta_koordinātu_sistēma	Refleksija_(matemātika)
Riņķa_līnija	Viduspunkts
Paralelograms	Četrstūris
Cilindrs_(ģeometrija)	Nogrieznis
Paralelograms	Simetrija
Taisne	Plakne_(ģeometrija)
Izliekts_daudzstūris	Ģeometrija
Nogrieznis	Ģeometrija
Inversās_trigonometriskās_funkcijas	Trijstūris
Trijstūru_nevienādības	Nogrieznis
Teselācija	Vienādmalu_trijstūris
Divpadsmitstūris	Daudzstūris
Rotācija_simetrija	Ģeometrija
Cilindrs_(ģeometrija)	Prizma
Piecstūris	Punkts_(ģeometrija)
Septiņstūris	Daudzstūris
Refleksija_(matemātika)	Ģeometrija
Vienādsānu_trijstūris	Līdzība
Taisnleņķa_trijstūris	Šaurleņķa_un_platleņķa_trijstūri
Daudzskaldnis	Ģeometrija
Deltoīds	Pieskare
Četrstūris	Perpendikuls
Pitagora_teorēma	Punkts_(ģeometrija)
Konuss	Trijstūru_nevienādības
Koordinātu_sistēma	Translēšana_(ģeometrija)
Perpendikuls	Simetrija
Trijstūru_nevienādības	Šķautne
Transversāls_(ģeometrija)	Plakne_(ģeometrija)
Attālums	Pitagora_teorēma
Prizma	Paralēlais_(ģeometrija)
Zvaigznes_poligons	Piecstūris
Teselācija	Kongruence
Attālums	Ģeometrija
Vienādsānu_trijstūris	Daudzstūris
Koncentrisks	Cilindrs_(ģeometrija)
Vienādmalu_trijstūris	Leņķis
Telpa_(matemātika)	Punkts_(ģeometrija)
Paralelograms	Pitagora_teorēma
Vienādsānu_trijstūris	Pārdalīšana_uz_pusēm
Paralelograms	Ģeometrija
Riņķa_līnija	Trijstūris
Loks_(matemātika)	Nogrieznis
Šaurleņķa_un_platleņķa_trijstūri	Perpendikuls
Refleksijas_simetrija	Ģeometrija
Koordinātu_sistēma	Cilindrs_(ģeometrija)
Astoņstūris	Kvadrāts
Dekarta_koordinātu_sistēma	Plakne_(ģeometrija)
Vienādsānu_trijstūris	Īpašie_taisnleņķa_trijstūri
Punkts_(ģeometrija)	Ģeometrija
Kvadrāts	Vienādmalu_trijstūris
Paralelograms	Šķautne
Horda_(matemātika)	Trigonometriskās_funkcijas
Taisnleņķa_trijstūris	Nogrieznis
Perpendikuls	Pitagora_teorēma
Translēšana_(ģeometrija)	Līdzība
Perpendikuls	Ģeometrija
Īpašie_taisnleņķa_trijstūri	Nogrieznis
Sešstūris	Divpadsmitstūris
Diametrs	Leņķis
Kongruence	Paralēlais_(ģeometrija)
Trigonometriskās_funkcijas	Stāvums
Iekšējais_un_ārējais_leņķis	Leņķis
Iekšējais_un_ārējais_leņķis	Taisnstūris
Sfēra	Kongruence
Taisnstūris	Taisnleņķa_trijstūris
Īpašie_taisnleņķa_trijstūri	Šķautne
Pitagora_teorēma	Taisnleņķis
Trapece	Ģeometrija
Vienpadsmitstūris	Nogrieznis
Pārdalīšana_uz_pusēm	Loks_(matemātika)
Trigonometriskās_funkcijas	Trijstūra_augstums
Refleksija_(matemātika)	Līdzība
Divdimensiju_telpa	Plakne_(ģeometrija)
Piramīda	Taisne
Attālums	Paralelograms
Pieskare	Cilindrs_(ģeometrija)
Kolinearitāte	Leņķis
Translēšana_(ģeometrija)	Taisnstūris
Teselācija	Ģeometrija
Pitagora_trijnieks	Taisnleņķis
Attālums	Līdzība
Izliekts_daudzstūris	Pārdalīšana_uz_pusēm
Telpa_(matemātika)	Rotācija_(matemātika)
Diametrs	Izliekts_daudzstūris
Teselācija	Plakne_(ģeometrija)
Vienādmalu_trijstūris	Punkts_(ģeometrija)
Daudzskaldnis	Daudzstūris
Deltoīds	Refleksijas_simetrija
Piramīda	Virsotne_(ģeometrija)
Sešstūris	Četrstūris
Taisnleņķa_trijstūris	Inversās_trigonometriskās_funkcijas
Desmitstūris	Riņķa_līnija
Rombs	Taisne
Riņķa_līnija	Refleksija_(matemātika)
Taisnleņķa_trijstūris	Trigonometriskās_funkcijas
Trijstūru_nevienādības	Leņķis
Attālums	Trijstūru_nevienādības
Taisnstūris	Nogrieznis
Sinuss	Pitagora_teorēma
Paralelograms	Trijstūru_nevienādības
Trijstūra_augstums	Attālums
Deltoīds	Kvadrāts
Paralelograms	Daudzstūris
Sliektās_līnijas	Nogrieznis
Aploce	Riņķa_līnija
Taisnstūris	Prizma
Šaurleņķa_un_platleņķa_trijstūri	Riņķa_līnija
Diametrs	Punkts_(ģeometrija)
Rombs	Virsotne_(ģeometrija)
Vienādmalu_trijstūris	Trijstūra_augstums
Kongruence	Transversāls_(ģeometrija)
Attālums	Leņķis
Trijstūra_augstums	Leņķa_bisektrises_teorēma
Paralelograms	Pārdalīšana_uz_pusēm
Simetrija	Skaldne
Transversāls_(ģeometrija)	Paralēlais_(ģeometrija)
Sinuss	Šķautne
Iekšējais_un_ārējais_leņķis	Punkts_(ģeometrija)
Sfēra	Ģeometrija
Konuss	Rādiuss
Kongruence	Rombs
Divpadsmitstūris	Taisne
Līdzība	Simetrija
Sfēra	Plakne_(ģeometrija)
Šķērsgriezums_(ģeometrija)	Pieskare
Virsotne_(ģeometrija)	Teselācija
Septiņstūris	Taisne
Leņķis	Loka_garums
Desmitstūris	Diametrs
Astoņstūris	Ģeometrija
Prizma	Rotācija_simetrija
Pārdalīšana_uz_pusēm	Taisne
Diametrs	Rādiuss
Kolinearitāte	Punkts_(ģeometrija)
Sešstūris	Šķautne
Vienādsānu_trijstūris	Taisne
Divpadsmitstūris	Virsotne_(ģeometrija)
Koordinātu_sistēma	Perpendikuls
Stingra_transformācija	Leņķis
Pitagora_teorēma	Kvadrāts
Īpašie_taisnleņķa_trijstūri	Leņķis
Dekarta_koordinātu_sistēma	Trigonometriskās_funkcijas
Septiņstūris	Virsotne_(ģeometrija)
Viduspunkts	Ģeometrija
Trapece	Pārdalīšana_uz_pusēm
Izliekts_daudzstūris	Piecstūris
Virsotne_(ģeometrija)	Viduspunkts
Četrstūris	Nogrieznis
Stāvums	Perpendikuls
Desmitstūris	Nogrieznis
Rotācija_simetrija	Piecstūris
Līdzība	Pitagora_teorēma
Trijstūris	Riņķa_līnija
Dekarta_koordinātu_sistēma	Sinuss
Ārējā_leņķa_teorēma	Nogrieznis
Līdzība	Ģeometrija
Riņķa_līnija	Taisnleņķa_trijstūris
Vienādsānu_trijstūris	Virsotne_(ģeometrija)
Trijstūru_nevienādības	Punkts_(ģeometrija)
Riņķa_līnija	Kolinearitāte
Šķautne	Nogrieznis
Šaurleņķa_un_platleņķa_trijstūri	Pitagora_teorēma
Inversās_trigonometriskās_funkcijas	Nogrieznis
Pitagora_teorēma	Vienādmalu_trijstūris
Ārējā_leņķa_teorēma	Šķautne
Šaurleņķa_un_platleņķa_trijstūri	Nogrieznis
Prizma	Skaldne
Izliekts_daudzstūris	Taisnstūris
Loka_garums	Attālums
Paralēlais_(ģeometrija)	Nogrieznis
Sinuss	Līdzība
Mērogošana_(ģeometrija)	Piramīda
Rādiuss	Taisne
Perpendikuls	Loks_(matemātika)
Izliekts_daudzstūris	Rombs
Rombs	Trijstūris
Šaurleņķa_un_platleņķa_trijstūri	Šķautne
Rādiuss	Cilindrs_(ģeometrija)
Pārdalīšana_uz_pusēm	Viduspunkts
Pieskare	Perpendikuls
Sinuss	Daudzstūris
Paralelograms	Punkts_(ģeometrija)
Sekante	Ģeometrija
Diagonāle	Piecstūris
Vienādsānu_trijstūris	Viduspunkts
Daudzskaldnis	Rombs
Taisnstūris	Leņķis
Riņķa_līnija	Nogrieznis
Translēšana_(ģeometrija)	Rotācija_(matemātika)
Deltoīds	Vienādsānu_trijstūris
Cilindrs_(ģeometrija)	Šķērsgriezums_(ģeometrija)
Leņķis	Nogrieznis
Sinuss	Leņķis
Trijstūra_augstums	Perpendikuls
Attālums	Rādiuss
Sliektās_līnijas	Leņķis
Refleksija_(matemātika)	Taisne
Simetrija	Daudzskaldnis
Deltoīds	Ģeometrija
Sešstūris	Daudzstūris
Īpašie_taisnleņķa_trijstūri	Punkts_(ģeometrija)
Stingra_transformācija	Punkts_(ģeometrija)
Daudzskaldnis	Taisne
Trijstūris	Nogrieznis
Divdimensiju_telpa	Piecstūris
Attālums	Pieskare
Stāvums	Loka_garums
Daudzskaldnis	Cilindrs_(ģeometrija)
Dekarta_koordinātu_sistēma	Translēšana_(ģeometrija)
Attālums	Taisne
Virsotne_(ģeometrija)	Perpendikuls
Šķērsgriezums_(ģeometrija)	Daudzskaldnis
Inversās_trigonometriskās_funkcijas	Trigonometriskās_funkcijas
Koordinātu_sistēma	Riņķa_līnija
Sešstūris	Leņķis
Aploce	Paralelograms
Pārdalīšana_uz_pusēm	Trijstūris
Rombs	Kongruence
Kvadrāts	Paralēlais_(ģeometrija)
Taisnleņķa_trijstūris	Trijstūra_augstums
Paralelograms	Taisne
Daudzskaldnis	Virsotne_(ģeometrija)
Perpendikuls	Rombs
Stāvums	Riņķa_līnija
Vienādsānu_trijstūris	Trijstūris
Sfēra	Paralēlais_(ģeometrija)
Kongruence	Trijstūris
Ārējā_leņķa_teorēma	Iekšējais_un_ārējais_leņķis
Inversās_trigonometriskās_funkcijas	Sinuss
Refleksijas_simetrija	Taisne
Perpendikuls	Rādiuss
Rombs	Aploce
Attālums	Rotācija_(matemātika)
Piecstūris	Ģeometrija
Taisnstūris	Deltoīds
Horda_(matemātika)	Perpendikuls
Izliekts_daudzstūris	Viduspunkts
Trapece	Rombs
Riņķa_līnija	Paralēlais_(ģeometrija)
Paralelograms	Virsotne_(ģeometrija)
Pitagora_teorēma	Ģeometrija
Perpendikuls	Taisne
Četrstūris	Leņķis
Riņķa_līnija	Inversās_trigonometriskās_funkcijas
Desmitstūris	Leņķis
Dekarta_koordinātu_sistēma	Attālums
Refleksijas_simetrija	Rotācija_(matemātika)
Riņķa_līnija	Trigonometriskās_funkcijas
Ārējā_leņķa_teorēma	Leņķis
Taisnleņķa_trijstūris	Taisnleņķis
Līdzība	Taisnstūris
Īpašie_taisnleņķa_trijstūri	Taisnleņķis
Taisnstūris	Punkts_(ģeometrija)
Kongruence	Perpendikuls
Riņķa_līnija	Koncentrisks
Prizma	Daudzskaldnis
Aploce	Leņķis
Pitagora_trijnieks	Pitagora_teorēma
Attālums	Viduspunkts
Pieskare	Riņķa_līnija
Šaurleņķa_un_platleņķa_trijstūri	Leņķis
Sinuss	Punkts_(ģeometrija)
Pitagora_trijnieks	Ģeometrija
Sliektās_līnijas	Punkts_(ģeometrija)
Vienādsānu_trijstūris	Kongruence
Trigonometriskās_funkcijas	Pitagora_teorēma
Divdimensiju_telpa	Septiņstūris
Mērogošana_(ģeometrija)	Mēroga_koeficients
Deviņstūris	Šķautne
Pitagora_trijnieks	Šķautne
Attālums	Mēroga_koeficients
Loka_garums	Koordinātu_sistēma
Deltoīds	Daudzstūris
Izliekts_daudzstūris	Trijstūris
Pieskare	Taisnleņķa_trijstūris
Sešstūris	Punkts_(ģeometrija)
Pašlīdzība	Ģeometrija
Sinuss	Rādiuss
Trigonometriskās_funkcijas	Šķautne
Pieskare	Šaurleņķa_un_platleņķa_trijstūri
Perpendikuls	Viduspunkts
Deltoīds	Pārdalīšana_uz_pusēm
Plakne_(ģeometrija)	Punkts_(ģeometrija)
Sinuss	Pieskare
Pieskare	Diametrs
Sinuss	Taisne
Simetrija	Ģeometrija
Trapece	Viduspunkts
Trijstūra_augstums	Šaurleņķa_un_platleņķa_trijstūri
Četrstūris	Punkts_(ģeometrija)
Attālums	Kvadrāts
Taisnstūris	Taisnleņķis
Dekarta_koordinātu_sistēma	Telpa_(matemātika)
Desmitstūris	Punkts_(ģeometrija)
Translēšana_(ģeometrija)	Kongruence
Sešstūris	Divdimensiju_telpa
Vienādmalu_trijstūris	Vienādsānu_trijstūris
Ārējā_leņķa_teorēma	Punkts_(ģeometrija)
Nogrieznis	Perpendikuls
Iekšējais_un_ārējais_leņķis	Četrstūris
Piecstūris	Daudzstūris
Rādiuss	Aploce
Šķērsgriezums_(ģeometrija)	Ģeometrija
Horda_(matemātika)	Riņķa_līnija
Zvaigznes_poligons	Nogrieznis
Vienādmalu_trijstūris	Ģeometrija
Šķautne	Punkts_(ģeometrija)
Sešstūris	Pieskare
Pieskare	Nogrieznis
Pitagora_teorēma	Daudzstūris
Sfēra	Cilindrs_(ģeometrija)
Cilindrs_(ģeometrija)	Riņķa_līnija
Pitagora_teorēma	Trijstūru_nevienādības
Šaurleņķa_un_platleņķa_trijstūri	Punkts_(ģeometrija)
Telpa_(matemātika)	Līdzība
Pitagora_trijnieks	Līdzība
Sešstūris	Taisne
Prizma	Simetrija
Viduspunkts	Rombs
Paralēlais_(ģeometrija)	Attālums
Perpendikuls	Trijstūris
Vienādmalu_trijstūris	Šķautne
Telpa_(matemātika)	Daudzstūris
Refleksija_(matemātika)	Kongruence
Pitagora_teorēma	Īpašie_taisnleņķa_trijstūri
Trijstūra_augstums	Pitagora_teorēma
Trijstūra_augstums	Nogrieznis
Pitagora_trijnieks	Trijstūru_nevienādības
Pitagora_trijnieks	Daudzstūris
Plakne_(ģeometrija)	Taisne
Dekarta_koordinātu_sistēma	Perpendikuls
Sešstūris	Virsotne_(ģeometrija)
Loka_garums	Riņķa_līnija
Diametrs	Ģeometrija
Attālums	Kongruence
Pašlīdzība	Līdzība
Leņķa_bisektrises_teorēma	Šķautne
Šaurleņķa_un_platleņķa_trijstūri	Trijstūra_augstums
Diagonāle	Perpendikuls
Trijstūra_augstums	Šķautne
Iekšējais_un_ārējais_leņķis	Ģeometrija
Pārdalīšana_uz_pusēm	Taisnleņķa_trijstūris
Trigonometriskās_funkcijas	Daudzstūris
Konuss	Kolinearitāte
Virsotne_(ģeometrija)	Nogrieznis
Pitagora_trijnieks	Īpašie_taisnleņķa_trijstūri
Deviņstūris	Leņķis
Leņķis	Punkts_(ģeometrija)
Pitagora_trijnieks	Leņķis
Plakne_(ģeometrija)	Rotācija_(matemātika)
Dekarta_koordinātu_sistēma	Koordinātu_sistēma
Teselācija	Trijstūris
Iekšējais_un_ārējais_leņķis	Šķautne
Šaurleņķa_un_platleņķa_trijstūri	Pieskare
Trigonometriskās_funkcijas	Īpašie_taisnleņķa_trijstūri
Pieskare	Inversās_trigonometriskās_funkcijas
Kolinearitāte	Ģeometrija
Trigonometriskās_funkcijas	Leņķis
Mērogošana_(ģeometrija)	Simetrija
Prizma	Šķautne
Trijstūris	Piramīda
Pieskare	Trigonometriskās_funkcijas
Koordinātu_sistēma	Leņķis
Trapece	Perpendikuls
Horda_(matemātika)	Nogrieznis
Divdimensiju_telpa	Perpendikuls
Refleksijas_simetrija	Refleksija_(matemātika)
Riņķa_līnija	Trijstūra_augstums
Loka_garums	Diametrs
Simetrija	Daudzstūris
Sekante	Taisne
Vienādmalu_trijstūris	Līdzība
Deltoīds	Rombs
Astoņstūris	Zvaigznes_poligons
Trijstūru_nevienādības	Ģeometrija
Rombs	Paralēlais_(ģeometrija)
Kongruence	Nogrieznis
Vienādmalu_trijstūris	Daudzstūris
Šķērsgriezums_(ģeometrija)	Daudzstūris
Rotācija_(matemātika)	Leņķis
Simetrija	Taisnstūris
Trapece	Aploce
Loka_garums	Nogrieznis
Deltoīds	Taisne
Sfēra	Trijstūris
Kongruence	Prizma
Iekšējais_un_ārējais_leņķis	Paralelograms
Stingra_transformācija	Simetrija
Skaldne	Ģeometrija
Divdimensiju_telpa	Refleksija_(matemātika)
Attālums	Slīpums
Leņķa_bisektrises_teorēma	Daudzstūris
Sešstūris	Kvadrāts
Pieskare	Leņķis
Deviņstūris	Punkts_(ģeometrija)
Trijstūris	Taisnleņķis
Pitagora_trijnieks	Punkts_(ģeometrija)
Loks_(matemātika)	Ģeometrija
Deltoīds	Virsotne_(ģeometrija)
Dekarta_koordinātu_sistēma	Riņķa_līnija
Skaldne	Šķautne
Deltoīds	Teselācija
Iekšējais_un_ārējais_leņķis	Daudzstūris
Iekšējais_un_ārējais_leņķis	Trijstūru_nevienādības
Viduspunkts	Trijstūris
Diagonāle	Riņķa_līnija
Leņķa_bisektrises_teorēma	Leņķis
Trigonometriskās_funkcijas	Punkts_(ģeometrija)
Daudzstūris	Aploce
Stingra_transformācija	Pitagora_teorēma
Trijstūra_augstums	Leņķis
Sinuss	Kongruence
Iekšējais_un_ārējais_leņķis	Pārdalīšana_uz_pusēm
Piecstūris	Taisne
Koordinātu_sistēma	Punkts_(ģeometrija)
Īpašie_taisnleņķa_trijstūri	Ģeometrija
Stingra_transformācija	Ģeometrija
Sešstūris	Vienādmalu_trijstūris
Divdimensiju_telpa	Divpadsmitstūris
Pitagora_teorēma	Taisne
Stāvums	Punkts_(ģeometrija)
Deviņstūris	Divdimensiju_telpa
Taisnleņķa_trijstūris	Šķautne
Slīpums	Leņķis
Izliekts_daudzstūris	Nogrieznis
Taisnstūris	Četrstūris
Pitagora_teorēma	Horda_(matemātika)
Piecstūris	Virsotne_(ģeometrija)
Trapece	Riņķa_līnija
Aploce	Kvadrāts
Prizma	Leņķis
Kolinearitāte	Pārdalīšana_uz_pusēm
Šaurleņķa_un_platleņķa_trijstūri	Kvadrāts
Mēroga_koeficients	Rotācija_simetrija
Pitagora_teorēma	Virsotne_(ģeometrija)
Divdimensiju_telpa	Riņķa_līnija
Deviņstūris	Taisne
Sfēra	Aploce
Rotācija_(matemātika)	Punkts_(ģeometrija)
Pitagora_trijnieks	Taisne
Divpadsmitstūris	Piecstūris
Skaldne	Paralelograms
Trijstūru_nevienādības	Daudzstūris
Riņķa_līnija	Refleksijas_simetrija
Vienpadsmitstūris	Šķautne
Diametrs	Loks_(matemātika)
Trigonometriskās_funkcijas	Taisne
Pitagora_trijnieks	Virsotne_(ģeometrija)
Pieskare	Punkts_(ģeometrija)
Rādiuss	Trigonometriskās_funkcijas
Trijstūris	Refleksijas_simetrija
Līdzība	Kongruence
Taisnstūris	Pitagora_teorēma
Taisnleņķa_trijstūris	Paralelograms
Koordinātu_sistēma	Taisnleņķis
Daudzstūris	Riņķa_līnija
Diagonāle	Nogrieznis
Kongruence	Leņķis
Pieskare	Stāvums
Taisnstūris	Ģeometrija
Trigonometriskās_funkcijas	Virsotne_(ģeometrija)
Leņķa_bisektrises_teorēma	Punkts_(ģeometrija)
Sinuss	Ģeometrija
Trijstūra_augstums	Punkts_(ģeometrija)
Taisnleņķa_trijstūris	Līdzība
Sliektās_līnijas	Ģeometrija
Sinuss	Slīpums
Taisnstūris	Šķautne
Vienādmalu_trijstūris	Divdimensiju_telpa
Pieskare	Trijstūra_augstums
Konuss	Rombs
Četrstūris	Simetrija
Slīpums	Punkts_(ģeometrija)
Taisnleņķa_trijstūris	Trijstūru_nevienādības
Taisnleņķa_trijstūris	Daudzstūris
Rombs	Rotācija_simetrija
Sfēra	Riņķa_līnija
Īpašie_taisnleņķa_trijstūri	Daudzstūris
Attālums	Paralēlais_(ģeometrija)
Sešstūris	Ģeometrija
Vienādmalu_trijstūris	Taisne
Prizma	Punkts_(ģeometrija)
Slīpums	Stāvums
Trijstūris	Trapece
Rombs	Diagonāle
Paralēlais_(ģeometrija)	Četrstūris
Paralelograms	Paralēlais_(ģeometrija)
Taisnleņķa_trijstūris	Leņķis
Simetrija	Teselācija
Pitagora_teorēma	Trijstūris
Taisnleņķa_trijstūris	Taisnstūris
Kvadrāts	Taisnleņķa_trijstūris
Konuss	Cilindrs_(ģeometrija)
Iekšējais_un_ārējais_leņķis	Rombs
Plakne_(ģeometrija)	Ģeometrija
Vienādmalu_trijstūris	Virsotne_(ģeometrija)
Leņķa_bisektrises_teorēma	Taisne
Horda_(matemātika)	Punkts_(ģeometrija)
Sfēra	Kolinearitāte
Transversāls_(ģeometrija)	Iekšējais_un_ārējais_leņķis
Četrstūris	Ģeometrija
Diametrs	Taisne
Desmitstūris	Ģeometrija
Taisnstūris	Paralelograms
Perpendikuls	Paralēlais_(ģeometrija)
