Kustības_ātrums	Triecienvilnis
Elektriskais_lauks	Elektriskā_potenciālā_enerģija
Plakans_spogulis	Spoguļattēls
Viļņi	Pilnīga_iekšējā_atstarošana
Pārvietojums_(vektors)	Paātrinājums
Pozīcija_(vektors)	Brīvais_kritiens
Gaismas_laušana	Laušanas_koeficients
Spēks	Materiālu_pretestība
Gaisma	Gaismas_stars
Kulona_likums	Emisijas_spektrs
Plaisa	Materiālu_pretestība
Fizika	Gaismas_laušana
Spēks	Plastiskums_(fizika)
Fizika	Intensitāte_(fizika)
Gaisma	Lāzers
Pārvietojums_(vektors)	Darbs_(fizika)
Absorbcijas_spektroskopija	Elektromagnētisko_viļņu_skala
Attālums	Elektriskā_potenciālā_enerģija
Pozīcija_(vektors)	Mehāniskā_enerģija
Fizika	Fotoelektriskais_efekts
Vektors	Brīvās_krišanas_paātrinājums
Elektrons	Elektromagnētisko_viļņu_skala
Viļņi	Absorbcijas_spektroskopija
Kustība_(fizika)	Neinerciāla_atskaites_sistēma
Enerģija	Mehāniskā_enerģija
Fizika	Stāvvilnis
Enerģija	Skaņas_intensitāte
Viļņi	Elektromagnētisko_viļņu_skala
Lauks_(fizika)	Elektriskais_lauks
Spēks	Skaņas_intensitāte
Fizika	Materiālu_pretestība
Kinētiskā_enerģija	Neelastīga_kolīzija
Fizika	Kustības_grafiki_un_atvasinājumi
Gaisma	Optiskais_mikroskops
Masa	Le_Sāža_gravitācijas_teorija
Atskaites_sistēma	Neinerciāla_atskaites_sistēma
Fizika	Plastiskums_(fizika)
Spēks	Elastīga_kolīzija
Spēks	Stiepe_(fizika)
Spēks	Magnētiskais_lauks
Spēks	Elektriskais_potenciāls
Jauda	Skaņas_intensitāte
Spēks	Zemes_gravitācija
Kustība_(fizika)	Atskaites_sistēma
Kustības_ātrums	Elastīga_kolīzija
Viļņi	Laušanas_koeficients
Kustības_ātrums	Kustības_vienādojumi
Masa	Kinētiskā_enerģija
Viļņi	Skaņas_trieciens
Kustība_(fizika)	Lidojoša_ķermeņa_kustība
Enerģija	Absorbcijas_spektroskopija
Darbs_(fizika)	Elektriskā_potenciālā_enerģija
Ātrums	Kustības_grafiki_un_atvasinājumi
Enerģija	Elektromagnētisko_viļņu_skala
Kustība_(fizika)	Le_Sāža_gravitācijas_teorija
Vektors	Kustības_grafiki_un_atvasinājumi
Fizika	Stiepe_(fizika)
Fizika	Magnētiskais_lauks
Kustības_ātrums	Paātrinājums
Fizika	Dielektriķis
Fizika	Elektriskais_potenciāls
Pārvietojums_(vektors)	Potenciālā_enerģija
Attālums	Gravitācijas_konstante
Fizika	Zemes_gravitācija
Pozīcija_(vektors)	Elektriskā_potenciālā_enerģija
Deformācija_(inženierija)	Materiālu_pretestība
Fizika	Spoguļveida_atspoguļojums
Fizika	Elektriskais_dzinējspēks
Spēks	Darbs_(fizika)
Enerģētiskais_līmenis	Emisijas_spektrs
Magnēts	Elektriskais_dzinējspēks
Spēks	Berze
Attālums	Brīvās_krišanas_paātrinājums
Lauks_(fizika)	Elektriskais_potenciāls
Viļņa_garums	Absorbcijas_spektroskopija
Kustība_(fizika)	Ņūtona_likumi
Viļņa_garums	Elektromagnētisko_viļņu_skala
Deformācija_(inženierija)	Plastiskums_(fizika)
Sadursme_(klasiskā_mehānika)	Elastīga_kolīzija
Spēks	Elektromagnētiskais_starojums
Potenciālā_enerģija	Elektriskais_potenciāls
Fizika	Difrakcija
Ātrums	Elastīga_kolīzija
Viļņi	Virsotne_(fizika)
Enerģija	Neelastīga_kolīzija
Viļņi	Rezultātu_izkliede
Kustības_ātrums	Inerciālā_atskaites_sistēma
Elektromagnētiskais_starojums	Elektromagnētisko_viļņu_skala
Fizika	Dispersija_(optika)
Ātrums	Kustības_vienādojumi
Masa	Gravitācijas_lauks
Lauks_(fizika)	Elektromagnētisko_viļņu_skala
Fizika	Darbs_(fizika)
Attālums	Triecienvilnis
Vektors	Elektriskais_potenciāls
Gaisma	Spoguļattēls
Gaismas_stars	Virtuālais_attēls
Vektors	Zemes_gravitācija
Attālums	Ātrums
Frekvence	Emisijas_spektrs
Kustība_(fizika)	Pārvietojums_(vektors)
Fizika	Laušanas_koeficients
Enerģija	Enerģētiskais_līmenis
Ātrums	Paātrinājums
Fizika	Inerciālā_atskaites_sistēma
Fizika	Elektromagnētiskais_starojums
Kustība_(fizika)	Kustības_ātrums
Interference_(viļņu_izplatīšanās)	Stāvvilnis
Fizika	Skaņas_trieciens
Kontaktu_saspiediens	Normālais_spēks
Paātrinājums	Kustības_vienādojumi
Spriegums	Elektriskais_dzinējspēks
Pārvietojums_(vektors)	Elektrostatika
Attālums	Kustības_grafiki_un_atvasinājumi
Kustība_(fizika)	Relatīvais_ātrums
Gaismas_stars	Spoguļveida_atspoguļojums
Fizika	Kustība_(fizika)
Spēks	Emisijas_spektrs
Gaisma	Snelliusa_likums
Viļņi	Gaismas_laušana
Elektriskā_strāva	Magnētiskais_lauks
Spēks	Potenciālā_enerģija
Elektriskā_strāva	Dielektriķis
Masa	Brīvais_kritiens
Spēks	Jauda
Vektors	Darbs_(fizika)
Elektrons	Fotoelektriskais_efekts
Elektriskais_lauks	Elektriskais_potenciāls
Spēks	Ņūtona_likumi
Spēks	Stingrums
Svira	Spēka_moments
Viļņi	Stāvvilnis
Kustības_ātrums	Brīvās_krišanas_paātrinājums
Masa	Mehāniskā_enerģija
Fizika	Emisijas_spektrs
Viļņa_garums	Rezultātu_izkliede
Gaisma	Ģeometriskā_optika
Fizika	Virsotne_(fizika)
Fizika	Potenciālā_enerģija
Fizika	Rezultātu_izkliede
Fizika	Jauda
Kustība_(fizika)	Brīvais_kritiens
Attālums	Elastīga_kolīzija
Elektriskais_lauks	Elektromagnētisko_viļņu_skala
Viļņi	Šķērsvilnis
Attālums	Elektriskais_potenciāls
Fizika	Kinētiskā_enerģija
Fizika	Ņūtona_likumi
Pārvietojums_(vektors)	Zemes_gravitācija
Kulona_likums	Elektriskā_potenciālā_enerģija
Fizika	Stingrums
Frekvence	Hercs
Enerģija	Intensitāte_(fizika)
Atstarošana	Spoguļattēls
Amplitūda	Hjūgena–Fresnela princips
Elektriskā_potenciālā_enerģija	Elektriskais_potenciāls
Elektriskā_strāva	Elektromagnētiskais_starojums
Enerģija	Fotoelektriskais_efekts
Attālums	Paātrinājums
Fizika	Viļņi
Kustība_(fizika)	Mehāniskā_enerģija
Pozīcija_(vektors)	Kustības_grafiki_un_atvasinājumi
Atstarošana	Spoguļveida_atspoguļojums
Spēks	Gravitācijas_lauks
Spēks	Spēka_moments
Kustība_(fizika)	Doplera_efekts
Spēks	Elektrostatika
Darbs_(fizika)	Mehāniskā_enerģija
Viļņi	Spoguļattēls
Jauda	Intensitāte_(fizika)
Vektors	Potenciālā_enerģija
Kustība_(fizika)	Snelliusa_likums
Fizika	Pārvietojums_(vektors)
Fizika	Kustības_ātrums
Attālums	Darbs_(fizika)
Viļņi	Spoguļveida_atspoguļojums
Ātrums	Brīvās_krišanas_paātrinājums
Magnētiskais_lauks	Elektromagnētisko_viļņu_skala
Gravitācija	Gravitācijas_lauks
Plastiskums_(fizika)	Cietība
Uzplūdes_leņķis	Pilnīga_iekšējā_atstarošana
Attālums	Laušanas_koeficients
Viļņa_garums	Stāvvilnis
Attālums	Inerciālā_atskaites_sistēma
Fizika	Gravitācijas_lauks
Fizika	Relatīvais_ātrums
Fizika	Spēka_moments
Uzplūdes_leņķis	Snelliusa_likums
Fizika	Elektrostatika
Viļņi	Difrakcija
Relatīvais_ātrums	Doplera_efekts
Spēks	Svira
Spēks	Brīvais_kritiens
Elektriskā_strāva	Emisijas_spektrs
Elektriskā_pretestība_un_vadītspēja	Virknes_un_paralēlais_slēgums
Viļņi	Dispersija_(optika)
Pozīcija_(vektors)	Elektriskais_potenciāls
Enerģija	Elastīga_kolīzija
Paātrinājums	Brīvās_krišanas_paātrinājums
Pozīcija_(vektors)	Kustības_vienādojumi
Fizika	Šķērsvilnis
Frekvence	Doplera_efekts
Enerģija	Dielektriķis
Fizika	Masa
Enerģija	Elektriskais_potenciāls
Lauks_(fizika)	Elektrostatika
Vektors	Pārvietojums_(vektors)
Elektrons	Elektromagnētiskais_starojums
Spēks	Ņūtona_vispasaules_gravitācijas_likums
Potenciālā_enerģija	Elektrostatika
Kustība_(fizika)	Elektriskā_potenciālā_enerģija
Spēks	Elektriskais_dzinējspēks
Gravitācija	Brīvais_kritiens
Pozīcija_(vektors)	Paātrinājums
Pārvietojums_(vektors)	Lidojoša_ķermeņa_kustība
Kustības_ātrums	Zemes_gravitācija
Fizika	Svira
Fizika	Brīvais_kritiens
Laušanas_koeficients	Snelliusa_likums
Vektors	Elektrostatika
Fizika	Spoguļattēls
Gravitācija	Ņūtona_vispasaules_gravitācijas_likums
Attālums	Potenciālā_enerģija
Pozīcija_(vektors)	Darbs_(fizika)
Ņūtona_vispasaules_gravitācijas_likums	Gravitācijas_lauks
Fizika	Ņūtona_vispasaules_gravitācijas_likums
Enerģija	Darbs_(fizika)
Kulona_likums	Elektriskais_lauks
Spēks	Kontaktu_saspiediens
Lauks_(fizika)	Magnētiskais_lauks
Fizika	Mehāniskā_enerģija
Lauks_(fizika)	Dielektriķis
Fizika	Doplera_efekts
Viļņi	Refraktors
Enerģija	Elektromagnētiskais_starojums
Elektrons	Emisijas_spektrs
Masa	Brīvās_krišanas_paātrinājums
Lauks_(fizika)	Elektriskais_dzinējspēks
Viļņi	Emisijas_spektrs
Vektors	Brīvais_kritiens
Magnēts	Magnētisms
Spēks	Elastība_(fizika)
Kustības_ātrums	Laušanas_koeficients
Spriegums	Elektriskā_pretestība_un_vadītspēja
Fāzes_ātrums	Dispersija_(optika)
Amplitūda	Interference_(viļņu_izplatīšanās)
Ātrums	Zemes_gravitācija
Gaisma	Atstarošana
Elektriskais_lauks	Elektrostatika
Fizika	Enerģija
Fizika	Kontaktu_saspiediens
Fizika	Neinerciāla_atskaites_sistēma
Spēks	Elektriskā_potenciālā_enerģija
Elektriskā_strāva	Elektriskā_pretestība_un_vadītspēja
Fizika	Gravitācija
Spēks	Lidojoša_ķermeņa_kustība
Kustība_(fizika)	Brīvās_krišanas_paātrinājums
Spēks	Huka_likums
Plastiskums_(fizika)	Materiālu_pretestība
Fizika	Elastība_(fizika)
Magnēts	Elektromagnētisko_viļņu_skala
Spēks	Le_Sāža_gravitācijas_teorija
Gaisma	Pilnīga_iekšējā_atstarošana
Paātrinājums	Zemes_gravitācija
Attālums	Elektrostatika
Spēks	Sadursme_(klasiskā_mehānika)
Lauks_(fizika)	Elektromagnētiskais_starojums
Enerģija	Emisijas_spektrs
Fizika	Atskaites_sistēma
Kustības_ātrums	Le_Sāža_gravitācijas_teorija
Enerģija	Potenciālā_enerģija
Frekvence	Interference_(viļņu_izplatīšanās)
Enerģija	Jauda
Kulona_likums	Elektriskais_potenciāls
Gravitācija	Lidojoša_ķermeņa_kustība
Fizika	Elektriskā_potenciālā_enerģija
Elektriskā_potenciālā_enerģija	Elektrostatika
Pozīcija_(vektors)	Brīvās_krišanas_paātrinājums
Enerģija	Kinētiskā_enerģija
Kustība_(fizika)	Triecienvilnis
Elektriskais_lauks	Dielektriķis
Fizika	Lidojoša_ķermeņa_kustība
Vektors	Pozīcija_(vektors)
Gravitācija	Le_Sāža_gravitācijas_teorija
Elektriskā_strāva	Elektriskais_dzinējspēks
Fizika	Huka_likums
Kustība_(fizika)	Ātrums
Gaismas_stars	Snelliusa_likums
Kontaktu_saspiediens	Berze
Fizika	Le_Sāža_gravitācijas_teorija
Fizika	Refraktors
Elektriskais_lauks	Elektriskais_dzinējspēks
Intensitāte_(fizika)	Skaņas_intensitāte
Kulona_likums	Elektromagnētisko_viļņu_skala
Fizika	Sadursme_(klasiskā_mehānika)
Viļņa_garums	Emisijas_spektrs
Pārvietojums_(vektors)	Brīvais_kritiens
Gaisma	Elektromagnētisko_viļņu_skala
Kustība_(fizika)	Kustības_grafiki_un_atvasinājumi
Elektromagnētiskais_starojums	Emisijas_spektrs
Elektriskā_strāva	Elektriskais_izolators
Gaismas_laušana	Snelliusa_likums
Attālums	Zemes_gravitācija
Masa	Elastīga_kolīzija
Lauks_(fizika)	Emisijas_spektrs
Ātrums	Lidojoša_ķermeņa_kustība
Vektors	Elektriskā_potenciālā_enerģija
Kinētiskā_enerģija	Mehāniskā_enerģija
Gaismas_stars	Ģeometriskā_optika
Elektriskais_lādiņš	Elektriskā_kapacitāte
Vektors	Lidojoša_ķermeņa_kustība
Fizika	Interference_(viļņu_izplatīšanās)
Pārvietojums_(vektors)	Mehāniskā_enerģija
Pozīcija_(vektors)	Elektrostatika
Elektriskais_lauks	Elektromagnētiskais_starojums
Enerģija	Elektrostatika
Fizika	Gravitācijas_konstante
Deformācija_(inženierija)	Huka_likums
Magnētiskais_lauks	Elektriskais_dzinējspēks
Kustības_ātrums	Relatīvais_ātrums
Kustība_(fizika)	Elastīga_kolīzija
Pārvietojums_(vektors)	Kustības_vienādojumi
Brīvās_krišanas_paātrinājums	Brīvais_kritiens
Kustība_(fizika)	Elektriskais_potenciāls
Kustība_(fizika)	Kustības_vienādojumi
Spēks	Materiāla_nogurums
Skalārs_(matemātika)	Skalāra_reizināšana
Darbs_(fizika)	Elektriskais_potenciāls
Viļņi	Doplera_efekts
Fizika	Pārraides_vide
Oma_likums	Elektriskā_pretestība_un_vadītspēja
Kustība_(fizika)	Paātrinājums
Viļņi	Snelliusa_likums
Fizika	Elektriskais_vadītājs
Gaismas_laušana	Refraktors
Viļņi	Retinājums
Fizika	Triecienvilnis
Lauks_(fizika)	Gravitācijas_lauks
Pozīcija_(vektors)	Zemes_gravitācija
Relatīvais_ātrums	Elastīga_kolīzija
Krāsa	Pigments
Masa	Neelastīga_kolīzija
Uzplūdes_leņķis	Spoguļveida_atspoguļojums
Kustības_ātrums	Brīvais_kritiens
Fizika	Elektriskais_lauks
Elektriskais_lauks	Emisijas_spektrs
Magnētiskais_lauks	Elektromagnētiskais_starojums
Fizika	Ātrums
Elektriskais_izolators	Dielektriķis
Fizika	Materiāla_nogurums
Pārvietojums_(vektors)	Elektriskā_potenciālā_enerģija
Kustība_(fizika)	Darbs_(fizika)
Enerģija	Elektriskais_dzinējspēks
Ņūtona_vispasaules_gravitācijas_likums	Gravitācijas_konstante
Attālums	Lidojoša_ķermeņa_kustība
Skaņa	Skaņas_intensitāte
Spēks	Mehāniskā_enerģija
Ātrums	Relatīvais_ātrums
Kustība_(fizika)	Laušanas_koeficients
Attālums	Le_Sāža_gravitācijas_teorija
Teleskops	Refraktors
Fizika	Spēks
Kustība_(fizika)	Inerciālā_atskaites_sistēma
Fizika	Atstarošana
Spēks	Magnētisms
Spriegums	Virknes_un_paralēlais_slēgums
Kustības_ātrums	Doplera_efekts
Frekvence	Absorbcijas_spektroskopija
Spēks	Plūstamība
Frekvence	Elektromagnētisko_viļņu_skala
Spēks	Kustības_vienādojumi
Kustības_ātrums	Snelliusa_likums
Uzplūdes_leņķis	Laušanas_koeficients
Elektriskā_strāva	Virknes_un_paralēlais_slēgums
Fizika	Skaņas_intensitāte
Spēks	Normālais_spēks
Viļņa_garums	Doplera_efekts
Magnētiskais_lauks	Emisijas_spektrs
Fizika	Pilnīga_iekšējā_atstarošana
Ātrums	Brīvais_kritiens
Spēks	Gravitācija
Gaisma	Fotoelektriskais_efekts
Elastība_(fizika)	Huka_likums
Spēks	Paātrinājums
Fizika	Magnētisms
Elastība_(fizika)	Cietība
Viļņa_garums	Snelliusa_likums
Garums	Huka_likums
Fizika	Snelliusa_likums
Spēks	Elektromagnētisko_viļņu_skala
Kulona_likums	Elektrostatika
Deformācija_(inženierija)	Materiāla_nogurums
Fizika	Elastīga_kolīzija
Elektriskā_strāva	Elektriskais_vadītājs
Fizika	Plūstamība
Magnēts	Magnētiskais_lauks
Fizika	Retinājums
Fizika	Kustības_vienādojumi
Potenciālā_enerģija	Mehāniskā_enerģija
Kustība_(fizika)	Potenciālā_enerģija
Attālums	Pārvietojums_(vektors)
Fizika	Normālais_spēks
Enerģija	Elektriskā_potenciālā_enerģija
Attālums	Kustības_ātrums
Pozīcija_(vektors)	Lidojoša_ķermeņa_kustība
Ātrums	Mehāniskā_enerģija
Spriegums	Oma_likums
Paātrinājums	Brīvais_kritiens
Darbs_(fizika)	Potenciālā_enerģija
Pārvietojums_(vektors)	Brīvās_krišanas_paātrinājums
Spriegums	Voltmetrs
Viļņi	Interference_(viļņu_izplatīšanās)
Fizika	Paātrinājums
Ātrums	Doplera_efekts
Fizika	Absorbcijas_spektroskopija
Vektors	Mehāniskā_enerģija
Spēks	Deformācija_(inženierija)
Fizika	Elektromagnētisko_viļņu_skala
Spēks	Cietība
Skaņa	Skaņas_trieciens
Gaisma	Virtuālais_attēls
Attālums	Gravitācijas_lauks
Attālums	Relatīvais_ātrums
Kustības_ātrums	Lidojoša_ķermeņa_kustība
Plaisa	Cietība
Pozīcija_(vektors)	Potenciālā_enerģija
Spēks	Neelastīga_kolīzija
Viļņi	Viļņa_garums
Kulona_likums	Dielektriķis
Vektors	Kustības_vienādojumi
Fizika	Berze
Materiālu_pretestība	Cietība
Kulona_likums	Elektriskais_dzinējspēks
Fizika	Deformācija_(inženierija)
Gaisma	Spoguļveida_atspoguļojums
Fizika	Cietība
Viļņi	Pārraides_vide
Magnēts	Elektromagnētiskais_starojums
Deformācija_(inženierija)	Plūstamība
Lauks_(fizika)	Elektriskā_potenciālā_enerģija
Vektors	Paātrinājums
Fizika	Neelastīga_kolīzija
Attālums	Brīvais_kritiens
Potenciālā_enerģija	Elektriskā_potenciālā_enerģija
Pārvietojums_(vektors)	Kustības_grafiki_un_atvasinājumi
Gaismas_laušana	Pilnīga_iekšējā_atstarošana
Kustība_(fizika)	Elektrostatika
Viļņi	Triecienvilnis
Amplitūda	Stāvvilnis
Pozīcija_(vektors)	Pārvietojums_(vektors)
Spēks	Gravitācijas_konstante
Spriegums	Elektriskā_kapacitāte
Gaisma	Dispersija_(optika)
Krāsa	Dispersija_(optika)
Deformācija_(inženierija)	Elastība_(fizika)
Fizika	Enerģētiskais_līmenis
Darbs_(fizika)	Elektrostatika
Attālums	Ņūtona_vispasaules_gravitācijas_likums
Viļņa_garums	Interference_(viļņu_izplatīšanās)
Sadursme_(klasiskā_mehānika)	Neelastīga_kolīzija
Spēks	Brīvās_krišanas_paātrinājums
Masa	Zemes_gravitācija
Attālums	Mehāniskā_enerģija
Elastība_(fizika)	Materiāla_nogurums
Kulona_likums	Elektromagnētiskais_starojums
Attālums	Doplera_efekts
Oma_likums	Virknes_un_paralēlais_slēgums
Gravitācija	Gravitācijas_konstante
Elektriskā_strāva	Elektromagnētisko_viļņu_skala
Kinētiskā_enerģija	Elastīga_kolīzija
Viļņi	Atstarošana
Fizika	Viļņa_garums
Magnēts	Emisijas_spektrs
Attālums	Snelliusa_likums
Elastība_(fizika)	Materiālu_pretestība
Deformācija_(inženierija)	Cietība
Paātrinājums	Lidojoša_ķermeņa_kustība
Gravitācija	Brīvās_krišanas_paātrinājums
Atstarošana	Pilnīga_iekšējā_atstarošana
Frekvence	Stāvvilnis
Pārvietojums_(vektors)	Elektriskais_potenciāls
Attālums	Kustības_vienādojumi
Enerģija	Triecienvilnis
Fizika	Brīvās_krišanas_paātrinājums
Enerģija	Elektriskais_lauks
Kustība_(fizika)	Zemes_gravitācija
Spēks	Intensitāte_(fizika)
Spēka_līnija	Elektrostatika
Lāzers	Elektrons
Ātrums	Interference_(viļņu_izplatīšanās)
Planēta	Lauks_(fizika)
Masa	Enerģija
Zemes_gravitācija	Attālums
Spoguļattēls	Virtuālais_attēls
Kontaktu_saspiediens	Ņūtona_likumi
Brīvais_kritiens	Brīvās_krišanas_paātrinājums
Mehāniskā_enerģija	Elektrons
Kustības_ātrums	Intensitāte_(fizika)
Darbs_(fizika)	Elektriskais_dzinējspēks
Elektrons	Magnētiskais_lauks
Virtuālais_attēls	Ģeometriskā_optika
Ņūtona_likumi	Kustība_(fizika)
Fizika	Vektors
Hercs	Magnētiskais_lauks
Zemes_gravitācija	Kustība_(fizika)
Potenciālā_enerģija	Brīvās_krišanas_paātrinājums
Elektriskais_potenciāls	Kulona_likums
Elektriskā_kapacitāte	Spriegums
Gravitācijas_lauks	Attālums
Garums	Magnētisms
Viļņa_garums	Ātrums
Elektriskais_vadītājs	Elektriskā_strāva
Deformācija_(inženierija)	Fizika
Rezultātu_izkliede	Rezonanse_(daļiņu_fizika)
Magnēts	Kustības_ātrums
Gravitācijas_konstante	Ņūtona_vispasaules_gravitācijas_likums
Temperatūra	Elektriskā_pretestība_un_vadītspēja
Snelliusa_likums	Amplitūda
Plaisa	Plastiskums_(fizika)
Elektromagnētiskais_starojums	Elektriskais_lauks
Elektrostatika	Potenciālā_enerģija
Kulons	Kulona_likums
Brīvais_kritiens	Ātrums
Frekvence	Dielektriķis
Kustības_vienādojumi	Masa
Spēka_moments	Masa
Masa	Magnēts
Elektromagnētisko_viļņu_skala	Magnētiskais_lauks
Fotoelektriskais_efekts	Enerģija
Kilograms	Gravitācijas_lauks
Viļņa_garums	Atstarošana
Virtuālais_attēls	Refraktors
Plūstamība	Huka_likums
Garums	Paātrinājums
Garums	Absorbcijas_spektroskopija
Kinētiskā_enerģija	Kustība_(fizika)
Magnētiskais_lauks	Magnēts
Enerģētiskais_līmenis	Elektromagnētiskais_starojums
Ātrums	Triecienvilnis
Dielektriķis	Kustības_ātrums
Garums	Elektromagnētisko_viļņu_skala
Spēka_moments	Svira
Emisijas_spektrs	Magnētiskais_lauks
Svira	Berze
Viļņa_garums	Teleskops
Le_Sāža_gravitācijas_teorija	Spēks
Masa	Emisijas_spektrs
Mehāniskā_enerģija	Berze
Hjūgena–Fresnela princips	Amplitūda
Gravitācijas_lauks	Potenciālā_enerģija
Elektriskā_pretestība_un_vadītspēja	Elektriskais_vadītājs
Pilnīga_iekšējā_atstarošana	Gaismas_laušana
Triecienvilnis	Kustības_ātrums
Kustības_grafiki_un_atvasinājumi	Ātrums
Viļņa_garums	Elektrons
Garums	Darbs_(fizika)
Spēka_moments	Džouls
Dispersija_(optika)	Fizika
Teleskops	Interference_(viļņu_izplatīšanās)
Attālums	Interference_(viļņu_izplatīšanās)
Garums	Berze
Dielektriķis	Elektriskais_vadītājs
Elektrostatika	Pārvietojums_(vektors)
Spēks	Elektriskā_kapacitāte
Gaismas_stars	Gaismas_laušana
Gravitācija	Elektriskais_potenciāls
Interference_(viļņu_izplatīšanās)	Viļņa_garums
Elektromagnētiskais_starojums	Elektrons
Kilograms	Spēks
Elektriskais_dzinējspēks	Kulona_likums
Paātrinājums	Ātrums
Elektriskais_potenciāls	Voltmetrs
Dielektriķis	Elektriskais_lauks
Frekvence	Elektromagnētiskais_starojums
Spriegums	Fotoelektriskais_efekts
Le_Sāža_gravitācijas_teorija	Elektrons
Temperatūra	Enerģija
Brīvās_krišanas_paātrinājums	Attālums
Spriegums	Stāvvilnis
Le_Sāža_gravitācijas_teorija	Magnētisms
Cietība	Spēks
Elastīga_kolīzija	Inerciālā_atskaites_sistēma
Elastīga_kolīzija	Attālums
Paātrinājums	Spēks
Spēks	Kompass
Masa	Pārvietojums_(vektors)
Lauks_(fizika)	Kustības_vienādojumi
Ātrums	Elektrons
Elastīga_kolīzija	Neelastīga_kolīzija
Interference_(viļņu_izplatīšanās)	Viļņi
Kustības_vienādojumi	Pozīcija_(vektors)
Huka_likums	Enerģija
Masa	Kustības_ātrums
Spēks	Inerciālā_atskaites_sistēma
Mehāniskā_enerģija	Fizika
Ātrums	Magnētisms
Ģeometriskā_optika	Gaismas_stars
Elektrostatika	Elektriskais_lauks
Skaņas_trieciens	Fizika
Gaismas_stars	Šķērsvilnis
Potenciālā_enerģija	Zemes_gravitācija
Elektromagnētiskais_starojums	Paātrinājums
Brīvais_kritiens	Paātrinājums
Fizikāls_lielums	Pozīcija_(vektors)
Elastīga_kolīzija	Kustība_(fizika)
Gravitācija	Berze
Kustības_ātrums	Attālums
Masa	Spēka_līnija
Inerciālā_atskaites_sistēma	Paātrinājums
Gravitācijas_lauks	Spēka_līnija
Spēks	Kustība_(fizika)
Potenciālā_enerģija	Paātrinājums
Temperatūra	Magnēts
Elektrostatika	Spēks
Kulona_likums	Ņūtona_vispasaules_gravitācijas_likums
Viļņi	Frekvence
Ģeometriskā_optika	Plakans_spogulis
Temperatūra	Huka_likums
Dielektriķis	Elektrons
Kinētiskā_enerģija	Fotoelektriskais_efekts
Frekvence	Virsotne_(fizika)
Hercs	Tonis_(mūzika)
Spriegums	Dielektriķis
Atstarošana	Gaismas_laušana
Masa	Elektriskais_lauks
Plastiskums_(fizika)	Spēks
Absorbcijas_spektroskopija	Gaismas_laušana
Le_Sāža_gravitācijas_teorija	Berze
Kulons	Džouls
Potenciālā_enerģija	Darbs_(fizika)
Magnētiskais_lauks	Triecienvilnis
Metrs	Zemes_gravitācija
Spēka_moments	Huka_likums
Doplera_efekts	Kustība_(fizika)
Frekvence	Amplitūda
Potenciālā_enerģija	Berze
Elastība_(fizika)	Viļņi
Mehāniskā_kustība	Ņūtona_likumi
Mehāniskā_enerģija	Vektors
Virknes_un_paralēlais_slēgums	Elektriskā_strāva
Sadursme_(klasiskā_mehānika)	Berze
Retinājums	Triecienvilnis
Difrakcija	Lāzers
Lāzers	Intensitāte_(fizika)
Ātrums	Berze
Viļņa_garums	Enerģētiskais_līmenis
Cietība	Elastība_(fizika)
Elektriskais_potenciāls	Enerģija
Stāvvilnis	Amplitūda
Elektriskais_potenciāls	Pozīcija_(vektors)
Stāvvilnis	Frekvence
Garums	Vektors
Vektors	Berze
Hercs	Fotoelektriskais_efekts
Reālais_attēls	Laušanas_koeficients
Enerģija	Brīvās_krišanas_paātrinājums
Hercs	Stāvvilnis
Refraktors	Snelliusa_likums
Elektriskā_kapacitāte	Džouls
Stāvvilnis	Viļņi
Kulons	Enerģija
Viļņa_garums	Pigments
Pilnīga_iekšējā_atstarošana	Laušanas_koeficients
Elektromagnētisko_viļņu_skala	Gaismas_laušana
Metrs	Darbs_(fizika)
Potenciālā_enerģija	Enerģētiskais_līmenis
Elektriskais_dzinējspēks	Magnētiskais_lauks
Garums	Spēka_moments
Spriegums	Elektromagnētiskais_starojums
Gaismas_stars	Laušanas_koeficients
Le_Sāža_gravitācijas_teorija	Fizika
Emisijas_spektrs	Elektriskā_strāva
Elektromagnētiskais_starojums	Kulona_likums
Metrs	Laušanas_koeficients
Metrs	Elektromagnētiskais_starojums
Elektromagnētisko_viļņu_skala	Fotoelektriskais_efekts
Viļņa_garums	Gaisma
Rezultātu_izkliede	Laušanas_koeficients
Rezultātu_izkliede	Elektromagnētiskais_starojums
Spēks	Kustības_ātrums
Šķērsvilnis	Elektromagnētiskais_starojums
Elektriskais_izolators	Elektriskais_lauks
Atstarošana	Dielektriķis
Magnētiskais_lauks	Magnētisms
Virtuālais_attēls	Reālais_attēls
Elektromagnētiskais_starojums	Gaisma
Snelliusa_likums	Attālums
Sadursme_(klasiskā_mehānika)	Rezultātu_izkliede
Interference_(viļņu_izplatīšanās)	Difrakcija
Frekvence	Masa
Elektrostatika	Elektriskā_potenciālā_enerģija
Neelastīga_kolīzija	Kinētiskā_enerģija
Magnētiskais_lauks	Elektriskais_potenciāls
Jauda	Elektriskā_strāva
Elektriskais_lauks	Laušanas_koeficients
Gaismas_laušana	Elektromagnētiskais_starojums
Elektromagnētisko_viļņu_skala	Šķērsvilnis
Gravitācijas_konstante	Spēks
Spēks	Spēka_līnija
Kustības_grafiki_un_atvasinājumi	Fizika
Sadursme_(klasiskā_mehānika)	Kinētiskā_enerģija
Hercs	Dielektriķis
Inerciālā_atskaites_sistēma	Gaisma
Sadursme_(klasiskā_mehānika)	Ņūtona_likumi
Mehāniskā_enerģija	Magnētiskais_lauks
Gaismas_laušana	Ģeometriskā_optika
Temperatūra	Triecienvilnis
Doplera_efekts	Kustības_ātrums
Elektriskais_dzinējspēks	Enerģija
Cietība	Fizika
Fotoelektriskais_efekts	Elektrons
Magnētiskais_lauks	Paātrinājums
Potenciālā_enerģija	Viļņi
Garums	Stiepe_(fizika)
Plastiskums_(fizika)	Deformācija_(inženierija)
Pārvietojums_(vektors)	Pozīcija_(vektors)
Planēta	Brīvās_krišanas_paātrinājums
Garums	Magnētiskais_lauks
Paātrinājums	Fizika
Gravitācija	Spēka_moments
Lauks_(fizika)	Elektriskā_strāva
Dielektriķis	Fizika
Teleskops	Laušanas_koeficients
Inerciālā_atskaites_sistēma	Vektors
Kustības_vienādojumi	Ātrums
Frekvence	Hjūgena–Fresnela princips
Elektriskā_potenciālā_enerģija	Darbs_(fizika)
Cietība	Plaisa
Brīvās_krišanas_paātrinājums	Zemes_gravitācija
Enerģētiskais_līmenis	Enerģija
Džouls	Elektriskais_potenciāls
Ņūtona_vispasaules_gravitācijas_likums	Ņūtona_likumi
Elektromagnētisko_viļņu_skala	Dielektriķis
Elektriskais_izolators	Elektrons
Ātrums	Vektors
Normālais_spēks	Paātrinājums
Triecienvilnis	Fizika
Plūstamība	Deformācija_(inženierija)
Spriegums	Amplitūda
Gravitācija	Masa
Garums	Elektriskā_kapacitāte
Pilnīga_iekšējā_atstarošana	Viļņi
Metrs	Frekvence
Metrs	Gaisma
Absorbcijas_spektroskopija	Elektromagnētiskais_starojums
Viļņi	Enerģija
Fotoelektriskais_efekts	Paātrinājums
Kustības_grafiki_un_atvasinājumi	Vektors
Zemes_gravitācija	Ņūtona_likumi
Elektrostatika	Fizika
Huka_likums	Spēks
Virziens_(ģeometrija)	Paātrinājums
Elektriskais_potenciāls	Pārvietojums_(vektors)
Pilnīga_iekšējā_atstarošana	Uzplūdes_leņķis
Elektriskais_lauks	Kulona_likums
Elektriskais_dzinējspēks	Magnēts
Gaisma	Plaisa
Optiskais_mikroskops	Interference_(viļņu_izplatīšanās)
Elektrons	Spriegums
Laušanas_koeficients	Elektrons
Rezultātu_izkliede	Viļņi
Hjūgena–Fresnela princips	Interference_(viļņu_izplatīšanās)
Garums	Enerģija
Hercs	Spriegums
Pārvietojums_(vektors)	Huka_likums
Plastiskums_(fizika)	Fizika
Temperatūra	Elektrons
Ātrums	Spēka_moments
Gaismas_stars	Uzplūdes_leņķis
Hercs	Skaņas_trieciens
Gravitācijas_konstante	Gravitācija
Normālais_spēks	Berze
Paātrinājums	Vektors
Gravitācijas_lauks	Ņūtona_likumi
Temperatūra	Magnētisms
Neelastīga_kolīzija	Masa
Džouls	Darbs_(fizika)
Neinerciāla_atskaites_sistēma	Fizika
Gravitācijas_lauks	Lauks_(fizika)
Sadursme_(klasiskā_mehānika)	Masa
Temperatūra	Plūstamība
Elektriskais_lauks	Viļņi
Mehāniskā_enerģija	Kustība_(fizika)
Masa	Fizika
Darbs_(fizika)	Attālums
Snelliusa_likums	Gaismas_laušana
Viļņa_garums	Spoguļveida_atspoguļojums
Viļņi	Magnēts
Elektromagnētiskais_starojums	Magnētiskais_lauks
Gaismas_laušana	Uzplūdes_leņķis
Kompresija_(fizika)	Stiepe_(fizika)
Elektromagnētisko_viļņu_skala	Elektromagnētiskais_starojums
Planēta	Teleskops
Elektriskais_potenciāls	Elektriskais_lauks
Elektromagnētisko_viļņu_skala	Spriegums
Metrs	Spēka_moments
Elektriskā_pretestība_un_vadītspēja	Oma_likums
Gaisma	Intensitāte_(fizika)
Viļņi	Huka_likums
Elektriskā_potenciālā_enerģija	Kulona_likums
Vektors	Virziens_(ģeometrija)
Elektrostatika	Vektors
Enerģija	Laušanas_koeficients
Inerciālā_atskaites_sistēma	Magnētiskais_lauks
Garums	Magnēts
Emisijas_spektrs	Elektromagnētiskais_starojums
Stiepe_(fizika)	Paātrinājums
Viļņa_garums	Difrakcija
Attālums	Viļņi
Kulons	Elektriskais_lauks
Elektromagnētisko_viļņu_skala	Atskaites_sistēma
Potenciālā_enerģija	Džouls
Elektriskais_potenciāls	Spēks
Jauda	Darbs_(fizika)
Ātrums	Stiepe_(fizika)
Kustības_vienādojumi	Paātrinājums
Ātrums	Magnētiskais_lauks
Kontaktu_saspiediens	Elektrons
Mehāniskā_enerģija	Potenciālā_enerģija
Spēka_moments	Paātrinājums
Spoguļveida_atspoguļojums	Atstarošana
Absorbcijas_spektroskopija	Frekvence
Huka_likums	Paātrinājums
Elektriskā_kapacitāte	Elektriskais_lādiņš
Dispersija_(optika)	Gaismas_laušana
Kustības_ātrums	Skaņas_trieciens
Viļņa_garums	Enerģija
Metrs	Elektriskā_pretestība_un_vadītspēja
Magnētisms	Temperatūra
Zemes_gravitācija	Masa
Spēks	Atskaites_sistēma
Temperatūra	Berze
Jauda	Elektromagnētiskais_starojums
Absorbcijas_spektroskopija	Viļņi
Fotoelektriskais_efekts	Fizika
Kulons	Spēks
Garums	Potenciālā_enerģija
Garums	Jauda
Hercs	Frekvence
Ģeometriskā_optika	Amplitūda
Pārvietojums_(vektors)	Kustības_ātrums
Elektromagnētiskais_starojums	Enerģija
Elastīga_kolīzija	Le_Sāža_gravitācijas_teorija
Metrs	Brīvais_kritiens
Intensitāte_(fizika)	Ātrums
Skaņas_intensitāte	Amplitūda
Spēka_moments	Darbs_(fizika)
Retinājums	Viļņi
Gravitācijas_lauks	Masa
Kulona_likums	Elektrons
Spēka_moments	Berze
Neelastīga_kolīzija	Enerģija
Magnētisms	Magnēts
Garums	Plakans_spogulis
Virsotne_(fizika)	Fizika
Attālums	Spēka_moments
Garums	Stingrums
Dielektriķis	Magnētiskais_lauks
Gravitācijas_konstante	Fizika
Potenciālā_enerģija	Enerģija
Kulona_likums	Magnētisms
Metrs	Džouls
Sadursme_(klasiskā_mehānika)	Enerģija
Potenciālā_enerģija	Pozīcija_(vektors)
Huka_likums	Deformācija_(inženierija)
Pārraides_vide	Fizika
Refraktors	Teleskops
Elastīga_kolīzija	Kinētiskā_enerģija
Optiskais_mikroskops	Teleskops
Enerģija	Rezultātu_izkliede
Ātrums	Enerģija
Elektromagnētisko_viļņu_skala	Amplitūda
Kinētiskā_enerģija	Masa
Gravitācijas_lauks	Brīvais_kritiens
Kulons	Elektrons
Mehāniskā_enerģija	Pārvietojums_(vektors)
Planēta	Darbs_(fizika)
Elektromagnētisko_viļņu_skala	Lauks_(fizika)
Difrakcija	Enerģētiskais_līmenis
Temperatūra	Enerģētiskais_līmenis
Mehāniskā_enerģija	Kustības_ātrums
Optiskais_mikroskops	Virtuālais_attēls
Dielektriķis	Elektriskā_kapacitāte
Attālums	Virziens_(ģeometrija)
Le_Sāža_gravitācijas_teorija	Kustība_(fizika)
Berze	Normālais_spēks
Stāvvilnis	Interference_(viļņu_izplatīšanās)
Enerģija	Frekvence
Elektrostatika	Magnētiskais_lauks
Laušanas_koeficients	Fizika
Garums	Pārvietojums_(vektors)
Lidojoša_ķermeņa_kustība	Masa
Emisijas_spektrs	Frekvence
Elektromagnētiskais_starojums	Magnēts
Emisijas_spektrs	Lauks_(fizika)
Difrakcija	Fizika
Elektriskais_lauks	Ņūtona_vispasaules_gravitācijas_likums
Garums	Kustības_ātrums
Viļņa_garums	Gaismas_stars
Inerciālā_atskaites_sistēma	Kustība_(fizika)
Brīvais_kritiens	Lidojoša_ķermeņa_kustība
Elektroskops	Elektriskais_lauks
Elektriskais_dzinējspēks	Spēks
Absorbcijas_spektroskopija	Masa
Enerģija	Viļņi
Laušanas_koeficients	Viļņa_garums
Fotoelektriskais_efekts	Intensitāte_(fizika)
Metrs	Enerģija
Gravitācijas_lauks	Mehāniskā_enerģija
Pozīcija_(vektors)	Vektors
Potenciālā_enerģija	Magnēts
Dispersija_(optika)	Dielektriķis
Viļņa_garums	Lāzers
Elektrons	Masa
Elektriskā_kapacitāte	Elektrons
Potenciālā_enerģija	Huka_likums
Attālums	Spoguļattēls
Kinētiskā_enerģija	Džouls
Kustības_ātrums	Viļņi
Huka_likums	Fizika
Viļņi	Elektriskais_lauks
Elektriskā_kapacitāte	Magnētisms
Doplera_efekts	Amplitūda
Viļņi	Ātrums
Kustības_grafiki_un_atvasinājumi	Kustība_(fizika)
Elektriskais_potenciāls	Elektriskā_potenciālā_enerģija
Virknes_un_paralēlais_slēgums	Elektriskā_pretestība_un_vadītspēja
Lauks_(fizika)	Kulona_likums
Masa	Magnētiskais_lauks
Attālums	Spoguļveida_atspoguļojums
Vektors	Magnēts
Relatīvais_ātrums	Ātrums
Elektriskā_kapacitāte	Elektriskais_potenciāls
Snelliusa_likums	Laušanas_koeficients
Elastīga_kolīzija	Relatīvais_ātrums
Elektriskais_lauks	Enerģija
Gravitācijas_lauks	Kustības_vienādojumi
Elektromagnētisko_viļņu_skala	Hercs
Sadursme_(klasiskā_mehānika)	Emisijas_spektrs
Svira	Spēks
Attālums	Elektriskā_kapacitāte
Viļņi	Spēks
Paātrinājums	Kustība_(fizika)
Magnētisms	Kustības_ātrums
Brīvās_krišanas_paātrinājums	Masa
Kulons	Elektriskā_potenciālā_enerģija
Enerģija	Spēka_moments
Stiepe_(fizika)	Viļņi
Triecienvilnis	Attālums
Kustība_(fizika)	Elektrons
Ātrums	Potenciālā_enerģija
Ātrums	Jauda
Spoguļattēls	Atstarošana
Vektors	Tangenciālā_un_normālā_komponente
Elastīga_kolīzija	Masa
Elastība_(fizika)	Spēks
Džouls	Elektriskā_pretestība_un_vadītspēja
Laušanas_koeficients	Intensitāte_(fizika)
Plakans_spogulis	Virtuālais_attēls
Lauks_(fizika)	Viļņi
Elektroskops	Elektrons
Garums	Spēks
Metrs	Huka_likums
Elektrostatika	Attālums
Attālums	Enerģija
Optiskais_mikroskops	Laušanas_koeficients
Triecienvilnis	Kustība_(fizika)
Atstarošana	Snelliusa_likums
Attālums	Pozīcija_(vektors)
Elektriskā_strāva	Magnēts
Reālais_attēls	Plakans_spogulis
Spēka_moments	Vektors
Brīvais_kritiens	Pārvietojums_(vektors)
Jauda	Spēka_moments
Dispersija_(optika)	Elektromagnētiskais_starojums
Brīvais_kritiens	Kustības_ātrums
Doplera_efekts	Relatīvais_ātrums
Enerģija	Elektriskā_pretestība_un_vadītspēja
Lidojoša_ķermeņa_kustība	Enerģija
Elektrostatika	Kustība_(fizika)
Elektroskops	Elektriskais_potenciāls
Viļņi	Elektrons
Kinētiskā_enerģija	Temperatūra
Elektriskais_lauks	Magnēts
Jauda	Oms
Lidojoša_ķermeņa_kustība	Pozīcija_(vektors)
Plūstamība	Enerģija
Elektriskā_potenciālā_enerģija	Enerģija
Magnētisms	Elektriskais_lauks
Le_Sāža_gravitācijas_teorija	Kustības_ātrums
Elektriskā_potenciālā_enerģija	Pozīcija_(vektors)
Elektriskais_potenciāls	Fizika
Elektriskais_lauks	Huka_likums
Brīvās_krišanas_paātrinājums	Ņūtona_vispasaules_gravitācijas_likums
Enerģija	Svira
Pārvietojums_(vektors)	Elastība_(fizika)
Inerciālā_atskaites_sistēma	Kustības_ātrums
Ātrums	Pārvietojums_(vektors)
Materiālu_pretestība	Materiāla_nogurums
Elektromagnētiskais_starojums	Elektriskais_vadītājs
Viļņa_garums	Elektriskais_lauks
Frekvence	Elektrons
Magnētisms	Spēks
Atskaites_sistēma	Paātrinājums
Gaismas_stars	Interference_(viļņu_izplatīšanās)
Neinerciāla_atskaites_sistēma	Kustība_(fizika)
Metrs	Interference_(viļņu_izplatīšanās)
Absorbcijas_spektroskopija	Temperatūra
Attālums	Magnēts
Enerģija	Ņūtona_vispasaules_gravitācijas_likums
Kustības_grafiki_un_atvasinājumi	Pārvietojums_(vektors)
Masa	Kustība_(fizika)
Jauda	Svira
Snelliusa_likums	Gaisma
Spoguļveida_atspoguļojums	Gaisma
Spēka_līnija	Magnētisms
Attālums	Huka_likums
Gravitācija	Spēks
Elektriskā_pretestība_un_vadītspēja	Elektriskā_strāva
Lauks_(fizika)	Masa
Ātrums	Spēka_līnija
Viļņi	Elastība_(fizika)
Snelliusa_likums	Viļņi
Kulona_likums	Elektroskops
Relatīvais_ātrums	Paātrinājums
Darbs_(fizika)	Berze
Spoguļveida_atspoguļojums	Viļņi
Brīvās_krišanas_paātrinājums	Pozīcija_(vektors)
Džouls	Enerģija
Paātrinājums	Pārvietojums_(vektors)
Potenciālā_enerģija	Elektriskais_lauks
Laušanas_koeficients	Magnētiskais_lauks
Jauda	Džouls
Snelliusa_likums	Uzplūdes_leņķis
Temperatūra	Magnētiskais_lauks
Paātrinājums	Kustības_ātrums
Elektromagnētiskais_starojums	Spēks
Spoguļveida_atspoguļojums	Uzplūdes_leņķis
Brīvais_kritiens	Spēks
Virziens_(ģeometrija)	Kompass
Elektriskais_potenciāls	Vektors
Refraktors	Gaisma
Laušanas_koeficients	Spoguļveida_atspoguļojums
Optiskais_mikroskops	Gaisma
Planēta	Masa
Neelastīga_kolīzija	Spēks
Dispersija_(optika)	Amplitūda
Materiāla_nogurums	Temperatūra
Vektors	Elektriskais_lauks
Potenciālā_enerģija	Spēks
Spēka_moments	Magnētiskais_lauks
Refraktors	Viļņi
Lāzers	Le_Sāža_gravitācijas_teorija
Sadursme_(klasiskā_mehānika)	Spēks
Virtuālais_attēls	Gaisma
Cietība	Plastiskums_(fizika)
Metrs	Elektriskais_vadītājs
Interference_(viļņu_izplatīšanās)	Fizika
Oms	Spriegums
Lauks_(fizika)	Ņūtona_vispasaules_gravitācijas_likums
Absorbcijas_spektroskopija	Lāzers
Gravitācijas_konstante	Attālums
Laušanas_koeficients	Difrakcija
Elektriskais_dzinējspēks	Fizika
Krāsa	Fotoelektriskais_efekts
Elastība_(fizika)	Deformācija_(inženierija)
Planēta	Brīvais_kritiens
Gravitācijas_lauks	Brīvās_krišanas_paātrinājums
Pārvietojums_(vektors)	Fizika
Elektriskais_vadītājs	Elektrons
Plūstamība	Stingrums
Intensitāte_(fizika)	Viļņi
Jauda	Enerģija
Metrs	Elektriskais_lauks
Frekvence	Laušanas_koeficients
Metrs	Ātrums
Elektriskā_kapacitāte	Elektroskops
Magnēts	Dielektriķis
Neelastīga_kolīzija	Elektrons
Enerģētiskais_līmenis	Fizika
Zemes_gravitācija	Ātrums
Elektriskais_lauks	Elektriskais_vadītājs
Pilnīga_iekšējā_atstarošana	Atstarošana
Potenciālā_enerģija	Elektrons
Kilograms	Zemes_gravitācija
Kontaktu_saspiediens	Stiepe_(fizika)
Elektriskā_strāva	Elektriskais_lauks
Planēta	Ņūtona_vispasaules_gravitācijas_likums
Sadursme_(klasiskā_mehānika)	Elektrons
Stiepe_(fizika)	Enerģija
Amplitūda	Viļņa_garums
Elektrons	Interference_(viļņu_izplatīšanās)
Enerģija	Magnēts
Amplitūda	Virsotne_(fizika)
Gaismas_laušana	Triecienvilnis
Metrs	Spēks
Laušanas_koeficients	Attālums
Kustības_vienādojumi	Enerģija
Svira	Fizika
Enerģija	Huka_likums
Lauks_(fizika)	Enerģija
Viļņa_garums	Ģeometriskā_optika
Viļņi	Fizika
Elektriskā_potenciālā_enerģija	Pārvietojums_(vektors)
Darbs_(fizika)	Ņūtona_likumi
Brīvais_kritiens	Gravitācija
Elektriskā_strāva	Spēks
Frekvence	Enerģētiskais_līmenis
Atstarošana	Izliekts_spogulis
Elektriskā_pretestība_un_vadītspēja	Elektriskais_dzinējspēks
Kustība_(fizika)	Viļņi
Laušanas_koeficients	Kustība_(fizika)
Elastība_(fizika)	Fizika
Plakans_spogulis	Gaisma
Ātrums	Elektriskais_izolators
Magnētiskais_lauks	Kustības_ātrums
Temperatūra	Kustība_(fizika)
Le_Sāža_gravitācijas_teorija	Gravitācija
Pārvietojums_(vektors)	Vektors
Lauks_(fizika)	Temperatūra
Amplitūda	Viļņi
Interference_(viļņu_izplatīšanās)	Intensitāte_(fizika)
Retinājums	Kustības_ātrums
Planēta	Enerģija
Elektromagnētisko_viļņu_skala	Interference_(viļņu_izplatīšanās)
Attālums	Elektriskais_lauks
Spriegums	Magnētisms
Potenciālā_enerģija	Elastība_(fizika)
Elastība_(fizika)	Plaisa
Spoguļattēls	Gaisma
Magnētiskais_lauks	Spēka_līnija
Doplera_efekts	Attālums
Rezultātu_izkliede	Elektrons
Plakans_spogulis	Uzplūdes_leņķis
Metrs	Magnētisms
Kulons	Magnētiskais_lauks
Viļņa_garums	Refraktors
Fizika	Attālums
Ņūtona_vispasaules_gravitācijas_likums	Zemes_gravitācija
Stiepe_(fizika)	Huka_likums
Inerciālā_atskaites_sistēma	Atskaites_sistēma
Lidojoša_ķermeņa_kustība	Ātrums
Elektriskā_pretestība_un_vadītspēja	Elektriskais_izolators
Normālais_spēks	Kustības_ātrums
Difrakcija	Gaismas_stars
Enerģija	Interference_(viļņu_izplatīšanās)
Elektriskā_strāva	Elektrons
Lauks_(fizika)	Magnēts
Berze	Paātrinājums
Elektriskā_potenciālā_enerģija	Elektriskais_lauks
Spoguļattēls	Viļņi
Spēka_moments	Magnēts
Jauda	Lāzers
Absorbcijas_spektroskopija	Elektriskais_lauks
Temperatūra	Emisijas_spektrs
Attālums	Spēks
Dielektriķis	Elektriskais_izolators
Elektriskā_strāva	Magnētisms
Spoguļveida_atspoguļojums	Difrakcija
Stāvvilnis	Viļņa_garums
Elektriskais_lauks	Elektrons
Voltmetrs	Elektriskais_dzinējspēks
Ņūtona_vispasaules_gravitācijas_likums	Paātrinājums
Normālais_spēks	Gravitācijas_lauks
Lidojoša_ķermeņa_kustība	Spēks
Kulons	Elektriskā_kapacitāte
Magnētisms	Fizika
Elektriskā_pretestība_un_vadītspēja	Spriegums
Viļņi	Intensitāte_(fizika)
Frekvence	Viļņi
Paātrinājums	Gravitācija
Plūstamība	Spēks
Pozīcija_(vektors)	Kustības_ātrums
Le_Sāža_gravitācijas_teorija	Sadursme_(klasiskā_mehānika)
Elektriskā_potenciālā_enerģija	Spēks
Elektromagnētisko_viļņu_skala	Pārraides_vide
Amplitūda	Voltmetrs
Stingrums	Huka_likums
Neinerciāla_atskaites_sistēma	Zemes_gravitācija
Spēka_moments	Potenciālā_enerģija
Metrs	Elektromagnētisko_viļņu_skala
Pārraides_vide	Gaismas_laušana
Elektroskops	Voltmetrs
Gravitācija	Fizika
Magnētiskais_lauks	Spēks
Gravitācijas_lauks	Elektriskais_potenciāls
Zemes_gravitācija	Paātrinājums
Elektrostatika	Elektriskais_izolators
Viļņa_garums	Fizika
Elektromagnētiskais_starojums	Amplitūda
Teleskops	Elektrons
Elektriskais_potenciāls	Attālums
Attālums	Elektrons
Atstarošana	Teleskops
Rezultējošais_spēks	Darbs_(fizika)
Ātrums	Sadursme_(klasiskā_mehānika)
Elektromagnētisko_viļņu_skala	Elektriskā_strāva
Dispersija_(optika)	Snelliusa_likums
Huka_likums	Stingrums
Brīvās_krišanas_paātrinājums	Ātrums
Elektriskais_vadītājs	Fizika
Triecienvilnis	Skaņas_trieciens
Elektromagnētiskais_starojums	Fizika
Brīvais_kritiens	Fizika
Gravitācijas_lauks	Paātrinājums
Difrakcija	Gaismas_laušana
Elastīga_kolīzija	Ātrums
Elektriskais_potenciāls	Kustība_(fizika)
Laušanas_koeficients	Kustības_ātrums
Elektriskais_izolators	Elektriskais_vadītājs
Normālais_spēks	Spēks
Elektrostatika	Spriegums
Darbs_(fizika)	Svira
Absorbcijas_spektroskopija	Elektrons
Temperatūra	Kustības_ātrums
Neelastīga_kolīzija	Fizika
Inerciālā_atskaites_sistēma	Fizika
Attālums	Skalārs_(matemātika)
Voltmetrs	Spriegums
Potenciālā_enerģija	Fizika
Šķērsvilnis	Laušanas_koeficients
Oms	Elektriskā_pretestība_un_vadītspēja
Intensitāte_(fizika)	Enerģija
Kilograms	Ņūtona_likumi
Sadursme_(klasiskā_mehānika)	Fizika
Refraktors	palielinājums
Materiāla_nogurums	Spēks
Virziens_(ģeometrija)	Spēks
Viļņi	Skaņas_intensitāte
Optiskais_mikroskops	palielinājums
Kustības_vienādojumi	Pārvietojums_(vektors)
Kustības_vienādojumi	Kustības_ātrums
Ātrums	Fizika
Elektrons	Magnētisms
Spēks	Fotoelektriskais_efekts
Kustības_ātrums	Ātrums
Skalārs_(matemātika)	Huka_likums
Magnēts	Viļņi
Attālums	Elastība_(fizika)
Masa	Laušanas_koeficients
Virtuālais_attēls	palielinājums
Elektrons	Elektriskais_potenciāls
Lidojoša_ķermeņa_kustība	Gravitācija
Lidojoša_ķermeņa_kustība	Paātrinājums
Mehāniskā_enerģija	Elastīga_kolīzija
Elektriskā_pretestība_un_vadītspēja	Amplitūda
Viļņi	Magnētiskais_lauks
Elektromagnētisko_viļņu_skala	Teleskops
Masa	Skaņas_trieciens
Elektriskais_potenciāls	Potenciālā_enerģija
Pilnīga_iekšējā_atstarošana	Fizika
Stingrums	Pārvietojums_(vektors)
Kinētiskā_enerģija	Darbs_(fizika)
Oms	Džouls
Skalāra_reizināšana	Skalārs_(matemātika)
Atstarošana	Elektromagnētisko_viļņu_skala
Brīvais_kritiens	Vektors
Kinētiskā_enerģija	Berze
Neinerciāla_atskaites_sistēma	Atskaites_sistēma
Dielektriķis	Lauks_(fizika)
Džouls	Elektrons
Elektriskā_polaritāte	Elektrons
Spoguļattēls	Spoguļveida_atspoguļojums
Elektrons	Paātrinājums
Masa	Atskaites_sistēma
Jauda	Spēks
Garums	Kustības_vienādojumi
Kustība_(fizika)	Pozīcija_(vektors)
Elektromagnētiskais_starojums	Intensitāte_(fizika)
Kulons	Potenciālā_enerģija
Rezultātu_izkliede	Fizika
Kustības_vienādojumi	Elektriskais_lauks
Potenciālā_enerģija	Vektors
Normālais_spēks	Kontaktu_saspiediens
Darbs_(fizika)	Enerģija
Pārvietojums_(vektors)	Attālums
Pilnīga_iekšējā_atstarošana	Gaisma
Enerģija	Elektrons
Darbs_(fizika)	Pozīcija_(vektors)
Rezultātu_izkliede	Viļņa_garums
Materiālu_pretestība	Plastiskums_(fizika)
Attālums	Sadursme_(klasiskā_mehānika)
Normālais_spēks	Gravitācija
Optiskais_mikroskops	Lāzers
Enerģija	Magnētisms
Stiepe_(fizika)	Spēks
Atstarošana	Laušanas_koeficients
Pigments	Krāsa
Kilograms	Hercs
Ģeometriskā_optika	Dispersija_(optika)
Elektrostatika	Lauks_(fizika)
Viļņa_garums	Hjūgena–Fresnela princips
Kilograms	Oms
Elektriskais_lauks	Fizika
Gaismas_stars	Gaisma
Brīvās_krišanas_paātrinājums	Paātrinājums
Kustības_vienādojumi	Spēks
Elektrons	Berze
Intensitāte_(fizika)	Jauda
Pārvietojums_(vektors)	Kustība_(fizika)
Ātrums	Intensitāte_(fizika)
Spēka_moments	Spēks
Spoguļattēls	Enerģija
Spriegums	Elektroskops
Šķērsvilnis	Gaisma
Planēta	Ātrums
Elektromagnētisko_viļņu_skala	Absorbcijas_spektroskopija
Kilograms	Masa
Materiāla_nogurums	Elastība_(fizika)
Lāzers	Kondensators
Svira	Attālums
Šķērsvilnis	Viļņi
Mehāniskā_enerģija	Attālums
Stingrums	Spēks
Enerģija	Paātrinājums
Gaismas_laušana	Gaisma
Mehāniskā_enerģija	Neelastīga_kolīzija
Kulona_likums	Spēka_līnija
Brīvās_krišanas_paātrinājums	Berze
Planēta	Spēks
Amplitūda	Huka_likums
Garums	Inerciālā_atskaites_sistēma
Absorbcijas_spektroskopija	Enerģētiskais_līmenis
Viļņa_garums	Magnētiskais_lauks
Darbs_(fizika)	Huka_likums
Metrs	Intensitāte_(fizika)
Garums	Attālums
Gaismas_laušana	Viļņi
Lauks_(fizika)	Elektrons
Lidojoša_ķermeņa_kustība	Fizika
Masa	Viļņi
Kontaktu_saspiediens	Spēks
Materiāla_nogurums	Deformācija_(inženierija)
Gravitācijas_lauks	Viļņi
Elektrons	Enerģētiskais_līmenis
Plūstamība	Fizika
Elektriskā_potenciālā_enerģija	Fizika
Elektromagnētisko_viļņu_skala	Laušanas_koeficients
Magnētiskais_lauks	Lauks_(fizika)
Lauks_(fizika)	Magnētisms
Kilograms	Džouls
Kulons	Elektrostatika
Kilograms	Ņūtona_vispasaules_gravitācijas_likums
Enerģija	Berze
Magnētiskais_lauks	Fizika
Ātrums	Skaņas_intensitāte
Difrakcija	Elektromagnētiskais_starojums
Inerciālā_atskaites_sistēma	Elastīga_kolīzija
Absorbcijas_spektroskopija	Viļņa_garums
Potenciālā_enerģija	Elastīga_kolīzija
Laušanas_koeficients	Ģeometriskā_optika
Elektriskais_lauks	Intensitāte_(fizika)
Retinājums	Fizika
Potenciālā_enerģija	Stiepe_(fizika)
Spēks	Laušanas_koeficients
Plūstamība	Plaisa
Difrakcija	Ģeometriskā_optika
Potenciālā_enerģija	Magnētiskais_lauks
Temperatūra	Elastība_(fizika)
Enerģija	Cietība
Kustības_ātrums	Berze
Atstarošana	Gaisma
Ģeometriskā_optika	Virsotne_(fizika)
Spēka_līnija	Magnēts
Lauks_(fizika)	Paātrinājums
Dispersija_(optika)	Fāzes_ātrums
Attālums	Vektors
Normālais_spēks	Fizika
Elektriskais_dzinējspēks	Elektriskā_strāva
Metrs	Ampērmetrs
Vektors	Magnētiskais_lauks
Elektriskā_kapacitāte	Spēka_līnija
Atstarošana	Viļņi
Huka_likums	Elastība_(fizika)
Potenciālā_enerģija	Elektriskā_kapacitāte
Magnēts	Enerģija
Elektriskā_kapacitāte	Elektriskais_vadītājs
Lidojoša_ķermeņa_kustība	Vektors
Attālums	Intensitāte_(fizika)
Hercs	Gaisma
Materiāla_nogurums	Fizika
Atstarošana	Uzplūdes_leņķis
Elektriskais_potenciāls	Elektriskais_dzinējspēks
Spoguļattēls	Plakans_spogulis
Emisijas_spektrs	Enerģētiskais_līmenis
Vektors	Spoguļveida_atspoguļojums
Elektriskā_potenciālā_enerģija	Vektors
Doplera_efekts	Skaņas_trieciens
Magnētisms	Kustība_(fizika)
Elektrons	Viļņi
Viļņa_garums	Attālums
Planēta	Absorbcijas_spektroskopija
Stingrums	Elastība_(fizika)
Hercs	Viļņi
Pilnīga_iekšējā_atstarošana	Spoguļveida_atspoguļojums
Mūzikas_tonis	Hercs
Elektromagnētisko_viļņu_skala	Kulona_likums
Metrs	Magnētiskais_lauks
Spoguļveida_atspoguļojums	Elektrons
Elektrostatika	Džouls
Spriegums	Džouls
Kilograms	Temperatūra
Gravitācija	Kustība_(fizika)
Enerģija	Fizika
Brīvais_kritiens	Attālums
Intensitāte_(fizika)	Spēks
Plakans_spogulis	Izliekts_spogulis
Pārraides_vide	Viļņi
Emisijas_spektrs	Kulona_likums
Le_Sāža_gravitācijas_teorija	Attālums
Spēks	Kulona_likums
Emisijas_spektrs	Viļņa_garums
Kustības_ātrums	Fizika
Elektromagnētisko_viļņu_skala	Gaisma
Elektromagnētisko_viļņu_skala	Frekvence
Dispersija_(optika)	Teleskops
Inerciālā_atskaites_sistēma	Attālums
Le_Sāža_gravitācijas_teorija	Neelastīga_kolīzija
Sadursme_(klasiskā_mehānika)	Inerciālā_atskaites_sistēma
Laušanas_koeficients	Amplitūda
Potenciālā_enerģija	Attālums
Brīvais_kritiens	Kustība_(fizika)
Normālais_spēks	Vektors
Relatīvais_ātrums	Pārvietojums_(vektors)
Elektriskais_lauks	Magnētiskais_lauks
Lāzers	Fotoelektriskais_efekts
Spēks	Kinētiskā_enerģija
Kustības_ātrums	Viļņa_garums
Elektroskops	Elektriskais_vadītājs
Elektromagnētisko_viļņu_skala	Viļņi
Ātrums	Inerciālā_atskaites_sistēma
Relatīvais_ātrums	Kustības_ātrums
Viļņi	Fotoelektriskais_efekts
Jauda	Fizika
Stingrums	Cietība
Optiskais_mikroskops	Elektrons
Garums	Gaismas_laušana
Lāzers	Stāvvilnis
Emisijas_spektrs	Gaisma
Brīvās_krišanas_paātrinājums	Vektors
Ātrums	Attālums
Magnētiskais_lauks	Oma_likums
Masa	Džouls
Kilograms	Huka_likums
Attālums	Skaņas_intensitāte
Gaismas_laušana	Spoguļveida_atspoguļojums
Masa	Ņūtona_vispasaules_gravitācijas_likums
Rezultātu_izkliede	Difrakcija
Potenciālā_enerģija	Kustība_(fizika)
Ātrums	Neelastīga_kolīzija
Elektriskā_strāva	Elektriskā_kapacitāte
Elektriskais_potenciāls	Spriegums
Šķērsvilnis	Difrakcija
Gravitācijas_lauks	Ņūtona_vispasaules_gravitācijas_likums
Gravitācija	Potenciālā_enerģija
Huka_likums	Garums
Doplera_efekts	Virsotne_(fizika)
Darbs_(fizika)	Ātrums
Elektrostatika	Pozīcija_(vektors)
Emisijas_spektrs	Viļņi
Deformācija_(inženierija)	Berze
Kustības_grafiki_un_atvasinājumi	Attālums
Stiepe_(fizika)	Fizika
Spēks	Viļņi
Garums	Fotoelektriskais_efekts
Ātrums	Kustība_(fizika)
Kustība_(fizika)	Spēks
Kustības_vienādojumi	Fizika
Šķērsvilnis	Enerģija
Attālums	Magnētiskais_lauks
Spēka_moments	Fizika
Kulons	Spriegums
Zemes_gravitācija	Pozīcija_(vektors)
Doplera_efekts	Frekvence
Darbs_(fizika)	Spēks
Elastība_(fizika)	Plastiskums_(fizika)
Paātrinājums	Attālums
Dielektriķis	Kondensators
Masa	Retinājums
Gaismas_laušana	Enerģija
Lāzers	Pilnīga_iekšējā_atstarošana
Plakans_spogulis	Atstarošana
Doplera_efekts	Viļņi
Absorbcijas_spektroskopija	Magnētiskais_lauks
Gravitācijas_lauks	Enerģija
Stingrums	Fizika
Masa	Pozīcija_(vektors)
Spēks	Elektriskā_polaritāte
Kilograms	Interference_(viļņu_izplatīšanās)
Spriegums	Magnēts
Spēka_līnija	Elektriskais_lauks
Garums	Virtuālais_attēls
Inerciālā_atskaites_sistēma	Brīvās_krišanas_paātrinājums
Ģeometriskā_optika	Spoguļattēls
Kontaktu_saspiediens	Fizika
Viļņa_garums	Gaismas_laušana
Masa	Temperatūra
Kinētiskā_enerģija	Enerģija
Pilnīga_iekšējā_atstarošana	Gaismas_stars
Kustības_ātrums	Spēka_moments
Kulons	Le_Sāža_gravitācijas_teorija
Elektromagnētiskais_starojums	Elektriskā_strāva
Kustības_vienādojumi	Vektors
Spēks	Masa
Lauks_(fizika)	Vektors
Dispersija_(optika)	Laušanas_koeficients
Viļņa_garums	Fotoelektriskais_efekts
Uzplūdes_leņķis	Elektrons
Spēks	Elektriskā_pretestība_un_vadītspēja
Elektriskais_potenciāls	Lauks_(fizika)
Elektriskais_dzinējspēks	Spriegums
Metrs	Potenciālā_enerģija
Atstarošana	Enerģija
Elektriskā_kapacitāte	Elektriskā_potenciālā_enerģija
Skaņas_trieciens	Paātrinājums
Elektrons	Difrakcija
Kompass	Magnētisms
Snelliusa_likums	Fizika
Elektromagnētiskais_starojums	Fotoelektriskais_efekts
Absorbcijas_spektroskopija	Enerģija
Spoguļveida_atspoguļojums	Fizika
Potenciālā_enerģija	Pārvietojums_(vektors)
Masa	Huka_likums
Neelastīga_kolīzija	Kustības_ātrums
Elektriskais_vadītājs	Elektrostatika
Lidojoša_ķermeņa_kustība	Attālums
Sadursme_(klasiskā_mehānika)	Kustības_ātrums
Elektrons	Enerģija
Snelliusa_likums	Viļņa_garums
Ātrums	Gaismas_laušana
Kulons	Lauks_(fizika)
Darbs_(fizika)	Paātrinājums
Gaismas_stars	Plakans_spogulis
Elektriskā_potenciālā_enerģija	Attālums
Attālums	Kustība_(fizika)
Hercs	Enerģija
Enerģija	Magnētiskais_lauks
Atstarošana	palielinājums
Mehāniskā_enerģija	Darbs_(fizika)
Sadursme_(klasiskā_mehānika)	Fotoelektriskais_efekts
Lāzers	Laušanas_koeficients
Spēka_līnija	Elektrons
Spēks	Džouls
Skaņas_intensitāte	Enerģija
Lāzers	Elektromagnētiskais_starojums
Pārraides_vide	Retinājums
Lidojoša_ķermeņa_kustība	Kustība_(fizika)
Garums	Dispersija_(optika)
Vektors	Kustības_ātrums
Refraktors	Fizika
Elektromagnētiskais_starojums	Teleskops
Elektriskā_potenciālā_enerģija	Kustība_(fizika)
Oma_likums	Elektriskais_dzinējspēks
Enerģija	Elektriskā_kapacitāte
Ņūtona_vispasaules_gravitācijas_likums	Kustības_ātrums
Magnētisms	Elektriskais_dzinējspēks
Magnēts	Spēks
Dielektriķis	Elektriskā_strāva
Garums	Laušanas_koeficients
Intensitāte_(fizika)	Fizika
Kinētiskā_enerģija	Potenciālā_enerģija
Dispersija_(optika)	Viļņa_garums
Elektromagnētisko_viļņu_skala	Enerģija
Metrs	Kustības_ātrums
Elastīga_kolīzija	Enerģija
Garums	Skaņas_trieciens
Zemes_gravitācija	Pārvietojums_(vektors)
Šķērsvilnis	Kustības_ātrums
Zemes_gravitācija	Kustības_ātrums
Skalārs_(matemātika)	Vektors
Cietība	Materiālu_pretestība
Interference_(viļņu_izplatīšanās)	Amplitūda
Interference_(viļņu_izplatīšanās)	Frekvence
Emisijas_spektrs	Enerģija
Dispersija_(optika)	Gaisma
Spēks	Enerģija
Kustības_vienādojumi	Magnētiskais_lauks
Brīvais_kritiens	Zemes_gravitācija
Spēks	Pozīcija_(vektors)
Elektromagnētisko_viļņu_skala	Temperatūra
Elektriskā_potenciālā_enerģija	Potenciālā_enerģija
Absorbcijas_spektroskopija	Emisijas_spektrs
Skaņas_intensitāte	Skaņa
Pārvietojums_(vektors)	Amplitūda
Elektriskais_dzinējspēks	Lauks_(fizika)
Kulons	Oms
Spēks	Neinerciāla_atskaites_sistēma
Paātrinājums	Kustības_grafiki_un_atvasinājumi
Spēka_moments	Kustības_vienādojumi
Brīvās_krišanas_paātrinājums	Kustība_(fizika)
Gaismas_laušana	Kustības_ātrums
Zemes_gravitācija	Gravitācijas_lauks
Dispersija_(optika)	Viļņi
Magnēts	Elektrons
Gravitācijas_lauks	Kustības_ātrums
Kilograms	Elektrons
Kulons	Masa
Lāzers	Rezultātu_izkliede
Spēks	Temperatūra
Elektriskais_lauks	Fotoelektriskais_efekts
Elektriskā_strāva	Elektrostatika
Atstarošana	Plakans_spogulis
Elektriskais_izolators	Kondensators
Berze	Spēks
Kustība_(fizika)	Fizika
Ātrums	Dielektriķis
Oma_likums	Spriegums
Kristalizācijas_pakāpe	Cietība
Viļņa_garums	Dispersija_(optika)
Elektromagnētisko_viļņu_skala	Magnēts
Planēta	Magnētiskais_lauks
Skaņas_intensitāte	Jauda
Enerģija	Kustība_(fizika)
Kilograms	Elektriskais_potenciāls
Darbs_(fizika)	Fizika
Elektriskā_pretestība_un_vadītspēja	Elektrons
Mehāniskā_enerģija	Kinētiskā_enerģija
Lauks_(fizika)	Difrakcija
Lāzers	Gaisma
Ņūtona_vispasaules_gravitācijas_likums	Spēks
Viļņi	Amplitūda
Viļņa_garums	Laušanas_koeficients
Atskaites_sistēma	Fizika
Emisijas_spektrs	Magnēts
Spēks	Magnēts
Viļņa_garums	Elektromagnētiskais_starojums
Kustības_ātrums	Kustība_(fizika)
Masa	Triecienvilnis
Lidojoša_ķermeņa_kustība	Pārvietojums_(vektors)
Ģeometriskā_optika	Interference_(viļņu_izplatīšanās)
Virsotne_(fizika)	Interference_(viļņu_izplatīšanās)
Planēta	Elektriskā_kapacitāte
Ņūtona_likumi	Spēks
Gravitācijas_lauks	Elektriskais_lauks
Lidojoša_ķermeņa_kustība	Kustības_ātrums
Fizika	Temperatūra
Kilograms	Paātrinājums
Elektromagnētiskais_starojums	Laušanas_koeficients
Zemes_gravitācija	Spēks
Spoguļattēls	Fizika
Jauda	Kustība_(fizika)
Magnētiskais_lauks	Elektriskā_strāva
Elastīga_kolīzija	Potenciālā_enerģija
Skaņas_trieciens	Viļņi
Gaisma	Elektrons
Relatīvais_ātrums	Fizika
Brīvais_kritiens	Spriegums
Elektriskais_dzinējspēks	Oms
Ātrums	Dispersija_(optika)
Kustības_vienādojumi	Attālums
Le_Sāža_gravitācijas_teorija	Elektromagnētiskais_starojums
Garums	Viļņi
Elektrons	Kustības_ātrums
Elektrostatika	Elektrons
Gravitācijas_lauks	Spēks
Hercs	Kustības_ātrums
Dispersija_(optika)	Krāsa
Potenciālā_enerģija	Spriegums
Kilograms	Darbs_(fizika)
Elektriskais_dzinējspēks	Kulons
Vektors	Skalārs_(matemātika)
Ģeometriskā_optika	Izliekts_spogulis
Berze	Kontaktu_saspiediens
Kustības_vienādojumi	Kustība_(fizika)
Laušanas_koeficients	Interference_(viļņu_izplatīšanās)
Gravitācija	Refraktors
Ātrums	Elektromagnētiskais_starojums
Skaņas_intensitāte	Kustības_ātrums
Darbs_(fizika)	Vektors
Lauks_(fizika)	Kustība_(fizika)
Viļņa_garums	Le_Sāža_gravitācijas_teorija
Masa	Teleskops
Stāvvilnis	Fizika
Kilograms	Cietība
Jauda	Potenciālā_enerģija
Amplitūda	Intensitāte_(fizika)
Brīvās_krišanas_paātrinājums	Pārvietojums_(vektors)
Atstarošana	Elektriskais_lauks
Reālais_attēls	Ģeometriskā_optika
Cietība	Berze
Brīvās_krišanas_paātrinājums	Kustības_ātrums
Elektriskā_pretestība_un_vadītspēja	Berze
Kontaktu_saspiediens	Attālums
Doplera_efekts	Lāzers
Cietība	Deformācija_(inženierija)
Masa	Elektrons
Ņūtona_vispasaules_gravitācijas_likums	Gravitācija
Elektromagnētisko_viļņu_skala	Kustības_ātrums
Fizika	Lāzers
Elastīga_kolīzija	Kustības_ātrums
Pilnīga_iekšējā_atstarošana	Ģeometriskā_optika
Planēta	Kustība_(fizika)
Attālums	Dielektriķis
Dielektriķis	Berze
Viļņi	Masa
Optiskais_mikroskops	Reālais_attēls
Mehāniskā_enerģija	Masa
Viļņa_garums	Frekvence
Elektriskais_izolators	Elektriskā_strāva
Tangenciālā_un_normālā_komponente	Magnētiskais_lauks
Sadursme_(klasiskā_mehānika)	Le_Sāža_gravitācijas_teorija
Neelastīga_kolīzija	Sadursme_(klasiskā_mehānika)
Enerģija	Kustības_ātrums
Masa	Elektriskais_potenciāls
Ņūtona_likumi	Paātrinājums
Ātrums	Le_Sāža_gravitācijas_teorija
Viļņa_garums	Optiskais_mikroskops
Garums	Masa
Viļņa_garums	Viļņi
Elektromagnētisko_viļņu_skala	Elektriskais_vadītājs
Optiskais_mikroskops	Difrakcija
Elektrostatika	Darbs_(fizika)
Krāsa	Laušanas_koeficients
Elektriskā_strāva	Spriegums
Materiāla_nogurums	Plastiskums_(fizika)
Elektromagnētiskais_starojums	Lauks_(fizika)
Dispersija_(optika)	Difrakcija
Garums	Elektriskā_pretestība_un_vadītspēja
Neinerciāla_atskaites_sistēma	Paātrinājums
Spriegums	Elektriskā_potenciālā_enerģija
Hjūgena–Fresnela princips	Difrakcija
Inerciālā_atskaites_sistēma	Ņūtona_likumi
Ātrums	Rezultātu_izkliede
Masa	Paātrinājums
Skaņas_intensitāte	Spēks
Enerģētiskais_līmenis	Mehāniskā_enerģija
Elektriskais_lauks	Spriegums
Elektromagnētisko_viļņu_skala	Elektriskais_lauks
Gravitācijas_lauks	Gravitācija
Laušanas_koeficients	Gaismas_laušana
Snelliusa_likums	Kustība_(fizika)
Garums	Svira
Temperatūra	Gaismas_laušana
Atstarošana	Elektrons
Dispersija_(optika)	Enerģija
Attālums	Dispersija_(optika)
Ātrums	Kinētiskā_enerģija
Le_Sāža_gravitācijas_teorija	Viļņi
Mehāniskā_enerģija	Džouls
Magnēts	Plaisa
Oma_likums	Oms
Spēks	Triecienvilnis
Brīvās_krišanas_paātrinājums	Spēks
Emisijas_spektrs	Elektriskais_lauks
Spēks	Elektriskais_lauks
Kustības_vienādojumi	Elektriskā_strāva
Garums	Spoguļattēls
Ātrums	Lauks_(fizika)
Spēks	Ātrums
Optiskais_mikroskops	Attālums
Darbs_(fizika)	Magnētiskais_lauks
Elektromagnētisko_viļņu_skala	Spēks
Masa	Darbs_(fizika)
Elastīga_kolīzija	Spēks
Hercs	Elektrons
Ātrums	Viļņi
Masa	Berze
Lauks_(fizika)	Kustības_ātrums
Attālums	Skaņas_trieciens
Dielektriķis	Kulona_likums
Viļņa_garums	Hercs
Snelliusa_likums	Gaismas_stars
Berze	Fizika
Spoguļveida_atspoguļojums	Gaismas_stars
Difrakcija	Atstarošana
Emisijas_spektrs	Spēks
Plakans_spogulis	Spoguļveida_atspoguļojums
Džouls	Elektriskais_dzinējspēks
Lāzers	Enerģija
Spoguļattēls	Magnētiskais_lauks
Gaisma	Pigments
Elektromagnētiskais_starojums	Hercs
Doplera_efekts	Ātrums
Viļņa_garums	Masa
Gaisma	Rezultātu_izkliede
Ommetrs	Elektriskā_pretestība_un_vadītspēja
Relatīvais_ātrums	Magnētiskais_lauks
Gaisma	Viļņa_garums
Mehāniskā_enerģija	Enerģija
Ņūtona_vispasaules_gravitācijas_likums	Fizika
Lauks_(fizika)	Spēka_līnija
Garums	Snelliusa_likums
Skaņas_trieciens	Enerģija
Inerciālā_atskaites_sistēma	Relatīvais_ātrums
Mehāniskā_enerģija	Pozīcija_(vektors)
Elektromagnētisko_viļņu_skala	Elektrons
Plakans_spogulis	Difrakcija
Brīvais_kritiens	Masa
Elektriskā_strāva	Amplitūda
Dielektriķis	Viļņi
Kustības_vienādojumi	Šķērsvilnis
Elektrostatika	Kulona_likums
Huka_likums	Plastiskums_(fizika)
Materiālu_pretestība	Spēks
Virknes_un_paralēlais_slēgums	Spriegums
Ņūtona_likumi	Fizika
Šķērsvilnis	Fizika
Zemes_gravitācija	Fizika
Garums	Pozīcija_(vektors)
Le_Sāža_gravitācijas_teorija	Masa
Spēka_līnija	Magnētiskais_lauks
Elektriskais_lauks	Amplitūda
Emisijas_spektrs	Elektrons
Ātrums	Hercs
Spēks	Elektrons
Inerciālā_atskaites_sistēma	Masa
Elektriskais_lauks	Lauks_(fizika)
Ātrums	Oms
Potenciālā_enerģija	Masa
Laušanas_koeficients	Dielektriķis
Triecienvilnis	Viļņi
Virtuālais_attēls	Gaismas_stars
Temperatūra	Dielektriķis
Gaismas_laušana	Fizika
Dispersija_(optika)	Lāzers
Elektrons	Elektriskā_potenciālā_enerģija
Brīvās_krišanas_paātrinājums	Gravitācija
Gravitācijas_lauks	Fizika
Ātrums	Masa
Lauks_(fizika)	Spēks
Elektrostatika	Elektroskops
Mehāniskā_enerģija	Magnēts
Snelliusa_likums	Kustības_ātrums
Svira	Huka_likums
Skaņas_trieciens	Skaņa
Spēka_moments	Dielektriķis
Attālums	Amplitūda
Doplera_efekts	Elektrons
Brīvais_kritiens	Ņūtona_vispasaules_gravitācijas_likums
Darbs_(fizika)	Kustība_(fizika)
Spēka_moments	Zemes_gravitācija
Attālums	Lauks_(fizika)
Fizika	Elektrons
Metrs	Oms
Ātrums	Svira
Kinētiskā_enerģija	Fizika
Subtraktīva_krāsa	Pigments
Brīvā_ķermeņa_diagramma	Berze
Atskaites_sistēma	Kustība_(fizika)
Enerģija	Spriegums
Relatīvais_ātrums	Attālums
Refraktors	Gaismas_laušana
Enerģija	Elastība_(fizika)
Gravitācija	Kustības_vienādojumi
Džouls	Elektriskā_potenciālā_enerģija
Zemes_gravitācija	Vektors
Elektriskā_potenciālā_enerģija	Lauks_(fizika)
Elektromagnētiskais_starojums	Snelliusa_likums
Ātrums	Džouls
Kompass	Magnēts
Atstarošana	Fizika
Ātrums	Ņūtona_vispasaules_gravitācijas_likums
Sadursme_(klasiskā_mehānika)	Mehāniskā_enerģija
Dispersija_(optika)	Kustības_ātrums
Relatīvais_ātrums	Kustība_(fizika)
Pozīcija_(vektors)	Skalāra_reizināšana
Absorbcijas_spektroskopija	Fizika
Deformācija_(inženierija)	Spēks
Jauda	Spriegums
Doplera_efekts	Gravitācija
Lāzers	Interference_(viļņu_izplatīšanās)
Temperatūra	Laušanas_koeficients
Temperatūra	Elektromagnētiskais_starojums
Materiālu_pretestība	Elastība_(fizika)
Brīvais_kritiens	Pozīcija_(vektors)
Viļņa_garums	Temperatūra
Elastīga_kolīzija	Sadursme_(klasiskā_mehānika)
Temperatūra	Skaņas_trieciens
Le_Sāža_gravitācijas_teorija	Enerģija
Huka_likums	Berze
Enerģija	Le_Sāža_gravitācijas_teorija
Ātrums	Snelliusa_likums
Skaņas_intensitāte	Fizika
Inerciālā_atskaites_sistēma	Neinerciāla_atskaites_sistēma
Garums	Interference_(viļņu_izplatīšanās)
Kustības_vienādojumi	Spriegums
Fotoelektriskais_efekts	Gaisma
Spoguļveida_atspoguļojums	Dielektriķis
Lauks_(fizika)	Elastība_(fizika)
Kinētiskā_enerģija	Intensitāte_(fizika)
Ātrums	Pozīcija_(vektors)
Pilnīga_iekšējā_atstarošana	Snelliusa_likums
Brīvās_krišanas_paātrinājums	Fizika
Materiālu_pretestība	Deformācija_(inženierija)
Lāzers	Izliekts_spogulis
Elektriskais_dzinējspēks	Elektriskais_lauks
Ātrums	Normālais_spēks
Attālums	Masa
Fotoelektriskais_efekts	Viļņi
Kilograms	Enerģija
Kulons	Magnētisms
Ģeometriskā_optika	Gaisma
Elektromagnētisko_viļņu_skala	Fizika
Attālums	Elektriskā_pretestība_un_vadītspēja
Elastīga_kolīzija	Fizika
Kustības_grafiki_un_atvasinājumi	Pozīcija_(vektors)
Spriegums	Magnētiskais_lauks
Temperatūra	Le_Sāža_gravitācijas_teorija
Ātrums	Temperatūra
Kulons	Elektriskais_potenciāls
Elektriskais_potenciāls	Paātrinājums
Darbs_(fizika)	Pārvietojums_(vektors)
Elektromagnētisko_viļņu_skala	Viļņa_garums
Virsotne_(fizika)	Viļņi
Darbs_(fizika)	Kustības_ātrums
Attālums	Svira
Emisijas_spektrs	Fizika
Spēks	Fizika
Šķērsvilnis	Stiepe_(fizika)
Šķērsvilnis	Magnētiskais_lauks
Amplitūda	Fotoelektriskais_efekts
Zemes_gravitācija	Magnētiskais_lauks
Paātrinājums	Pozīcija_(vektors)
Dielektriķis	Enerģija
Elektroskops	Fotoelektriskais_efekts
Gaismas_stars	Reālais_attēls
Jauda	Amplitūda
Enerģētiskais_līmenis	Stāvvilnis
Elektriskā_pretestība_un_vadītspēja	Temperatūra
Elektriskais_potenciāls	Darbs_(fizika)
Mehāniskā_enerģija	Ātrums
Teleskops	Ņūtona_vispasaules_gravitācijas_likums
Masa	Stiepe_(fizika)
Kilograms	Magnēts
Triecienvilnis	Enerģija
Skaņas_intensitāte	Intensitāte_(fizika)
Materiālu_pretestība	Fizika
Doplera_efekts	Fizika
Dispersija_(optika)	Elektrons
Laušanas_koeficients	Viļņi
Normālais_spēks	Masa
Kustības_vienādojumi	Ņūtona_likumi
Difrakcija	Viļņi
Frekvence	Gaismas_laušana
Elektriskais_dzinējspēks	Elektrons
Planēta	Le_Sāža_gravitācijas_teorija
Garums	Ātrums
Elektrostatika	Enerģija
Kustības_vienādojumi	Amplitūda
Snelliusa_likums	Ģeometriskā_optika
Virknes_un_paralēlais_slēgums	Oma_likums
Refraktors	Dispersija_(optika)
Laušanas_koeficients	Uzplūdes_leņķis
Elektromagnētiskais_starojums	Interference_(viļņu_izplatīšanās)
Doplera_efekts	Viļņa_garums
Lauks_(fizika)	Amplitūda
Mehāniskā_enerģija	Spēks
Kulons	Berze
Huka_likums	Frekvence
Elektriskā_pretestība_un_vadītspēja	Magnēts
Planēta	Sadursme_(klasiskā_mehānika)
Berze	Neelastīga_kolīzija
Materiālu_pretestība	Plaisa
Teleskops	Snelliusa_likums
Frekvence	Fotoelektriskais_efekts
Kustības_vienādojumi	Viļņi
Kilograms	Potenciālā_enerģija
Ņūtona_vispasaules_gravitācijas_likums	Attālums
Normālais_spēks	Brīvais_kritiens
Spēks	Vektors
Kilograms	Jauda
Dielektriķis	Huka_likums
