Speed	Shock_wave
Electric_field	Electric_potential_energy
Plane_mirror	Mirror_image
Wave	Total_internal_reflection
Displacement_(vector)	Acceleration
Position_(vector)	Free_fall
Refraction	Refractive_index
Force	Strength_of_materials
Light	Ray_(optics)
Coulomb's_law	Emission_spectrum
Fracture	Strength_of_materials
Physics	Refraction
Force	Plasticity_(physics)
Physics	Intensity_(physics)
Light	Laser
Displacement_(vector)	Work_(physics)
Absorption_spectroscopy	Electromagnetic_spectrum
Distance	Electric_potential_energy
Position_(vector)	Mechanical_energy
Physics	Photoelectric_effect
Euclidean_vector	Gravitational_acceleration
Electron	Electromagnetic_spectrum
Wave	Absorption_spectroscopy
Motion_(physics)	Non-inertial_reference_frame
Energy	Mechanical_energy
Physics	Standing_wave
Energy	Sound_intensity
Wave	Electromagnetic_spectrum
Field_(physics)	Electric_field
Force	Sound_intensity
Physics	Strength_of_materials
Kinetic_energy	Inelastic_collision
Physics	Motion_graphs_and_derivatives
Light	Optical_microscope
Mass	Le_Sage's_theory_of_gravitation
Frame_of_reference	Non-inertial_reference_frame
Physics	Plasticity_(physics)
Force	Elastic_collision
Force	Tension_(physics)
Force	Magnetic_field
Force	Electric_potential
Power_(physics)	Sound_intensity
Force	Gravity_of_Earth
Motion_(physics)	Frame_of_reference
Speed	Elastic_collision
Wave	Refractive_index
Speed	Equations_of_motion
Mass	Kinetic_energy
Wave	Sonic_boom
Motion_(physics)	Projectile_motion
Energy	Absorption_spectroscopy
Work_(physics)	Electric_potential_energy
Velocity	Motion_graphs_and_derivatives
Energy	Electromagnetic_spectrum
Motion_(physics)	Le_Sage's_theory_of_gravitation
Euclidean_vector	Motion_graphs_and_derivatives
Physics	Tension_(physics)
Physics	Magnetic_field
Speed	Acceleration
Physics	Dielectric
Physics	Electric_potential
Displacement_(vector)	Potential_energy
Distance	Gravitational_constant
Physics	Gravity_of_Earth
Position_(vector)	Electric_potential_energy
Deformation_(engineering)	Strength_of_materials
Physics	Specular_reflection
Physics	Electromotive_force
Force	Work_(physics)
Energy_level	Emission_spectrum
Magnet	Electromotive_force
Force	Friction
Distance	Gravitational_acceleration
Field_(physics)	Electric_potential
Wavelength	Absorption_spectroscopy
Motion_(physics)	Newton's_laws_of_motion
Wavelength	Electromagnetic_spectrum
Deformation_(engineering)	Plasticity_(physics)
Collision	Elastic_collision
Force	Electromagnetic_radiation
Potential_energy	Electric_potential
Physics	Diffraction
Velocity	Elastic_collision
Wave	Crest_(physics)
Energy	Inelastic_collision
Wave	Scattering
Speed	Inertial_frame_of_reference
Electromagnetic_radiation	Electromagnetic_spectrum
Physics	Dispersion_(optics)
Velocity	Equations_of_motion
Mass	Gravitational_field
Field_(physics)	Electromagnetic_spectrum
Physics	Work_(physics)
Distance	Shock_wave
Euclidean_vector	Electric_potential
Light	Mirror_image
Ray_(optics)	Virtual_image
Euclidean_vector	Gravity_of_Earth
Distance	Velocity
Frequency	Emission_spectrum
Motion_(physics)	Displacement_(vector)
Physics	Refractive_index
Energy	Energy_level
Velocity	Acceleration
Physics	Inertial_frame_of_reference
Physics	Electromagnetic_radiation
Motion_(physics)	Speed
Interference_(wave_propagation)	Standing_wave
Physics	Sonic_boom
Contact_force	Normal_force
Acceleration	Equations_of_motion
Voltage	Electromotive_force
Displacement_(vector)	Electrostatics
Distance	Motion_graphs_and_derivatives
Motion_(physics)	Relative_velocity
Ray_(optics)	Specular_reflection
Physics	Motion_(physics)
Force	Emission_spectrum
Light	Snell's_law
Wave	Refraction
Electric_current	Magnetic_field
Force	Potential_energy
Electric_current	Dielectric
Mass	Free_fall
Force	Power_(physics)
Euclidean_vector	Work_(physics)
Electron	Photoelectric_effect
Electric_field	Electric_potential
Force	Newton's_laws_of_motion
Force	Stiffness
Lever	Torque
Wave	Standing_wave
Speed	Gravitational_acceleration
Mass	Mechanical_energy
Physics	Emission_spectrum
Wavelength	Scattering
Light	Geometrical_optics
Physics	Crest_(physics)
Physics	Potential_energy
Physics	Scattering
Physics	Power_(physics)
Motion_(physics)	Free_fall
Distance	Elastic_collision
Electric_field	Electromagnetic_spectrum
Wave	Transverse_wave
Distance	Electric_potential
Physics	Kinetic_energy
Physics	Newton's_laws_of_motion
Displacement_(vector)	Gravity_of_Earth
Coulomb's_law	Electric_potential_energy
Physics	Stiffness
Frequency	Hertz
Energy	Intensity_(physics)
Reflection_(physics)	Mirror_image
Amplitude	Huygens–Fresnel_principle
Electric_potential_energy	Electric_potential
Electric_current	Electromagnetic_radiation
Energy	Photoelectric_effect
Distance	Acceleration
Physics	Wave
Motion_(physics)	Mechanical_energy
Position_(vector)	Motion_graphs_and_derivatives
Reflection_(physics)	Specular_reflection
Force	Gravitational_field
Force	Torque
Motion_(physics)	Doppler_effect
Force	Electrostatics
Work_(physics)	Mechanical_energy
Wave	Mirror_image
Power_(physics)	Intensity_(physics)
Euclidean_vector	Potential_energy
Motion_(physics)	Snell's_law
Physics	Displacement_(vector)
Physics	Speed
Distance	Work_(physics)
Wave	Specular_reflection
Velocity	Gravitational_acceleration
Magnetic_field	Electromagnetic_spectrum
Gravity	Gravitational_field
Plasticity_(physics)	Hardness
Angle_of_incidence	Total_internal_reflection
Distance	Refractive_index
Wavelength	Standing_wave
Distance	Inertial_frame_of_reference
Physics	Gravitational_field
Physics	Relative_velocity
Physics	Torque
Angle_of_incidence	Snell's_law
Physics	Electrostatics
Wave	Diffraction
Relative_velocity	Doppler_effect
Force	Lever
Force	Free_fall
Electric_current	Emission_spectrum
Electrical_resistance_and_conductance	Series_and_parallel_circuits
Wave	Dispersion_(optics)
Position_(vector)	Electric_potential
Energy	Elastic_collision
Acceleration	Gravitational_acceleration
Position_(vector)	Equations_of_motion
Physics	Transverse_wave
Frequency	Doppler_effect
Energy	Dielectric
Physics	Mass
Energy	Electric_potential
Field_(physics)	Electrostatics
Euclidean_vector	Displacement_(vector)
Electron	Electromagnetic_radiation
Force	Newton's_law_of_universal_gravitation
Potential_energy	Electrostatics
Motion_(physics)	Electric_potential_energy
Force	Electromotive_force
Gravity	Free_fall
Position_(vector)	Acceleration
Displacement_(vector)	Projectile_motion
Speed	Gravity_of_Earth
Physics	Lever
Physics	Free_fall
Refractive_index	Snell's_law
Euclidean_vector	Electrostatics
Physics	Mirror_image
Gravity	Newton's_law_of_universal_gravitation
Distance	Potential_energy
Position_(vector)	Work_(physics)
Newton's_law_of_universal_gravitation	Gravitational_field
Physics	Newton's_law_of_universal_gravitation
Energy	Work_(physics)
Coulomb's_law	Electric_field
Force	Contact_force
Field_(physics)	Magnetic_field
Physics	Mechanical_energy
Field_(physics)	Dielectric
Physics	Doppler_effect
Wave	Refracting_telescope
Energy	Electromagnetic_radiation
Electron	Emission_spectrum
Mass	Gravitational_acceleration
Field_(physics)	Electromotive_force
Wave	Emission_spectrum
Euclidean_vector	Free_fall
Magnet	Magnetism
Force	Elasticity_(physics)
Speed	Refractive_index
Voltage	Electrical_resistance_and_conductance
Phase_velocity	Dispersion_(optics)
Amplitude	Interference_(wave_propagation)
Velocity	Gravity_of_Earth
Light	Reflection_(physics)
Electric_field	Electrostatics
Physics	Energy
Physics	Contact_force
Physics	Non-inertial_reference_frame
Force	Electric_potential_energy
Electric_current	Electrical_resistance_and_conductance
Physics	Gravity
Force	Projectile_motion
Motion_(physics)	Gravitational_acceleration
Force	Hooke's_law
Plasticity_(physics)	Strength_of_materials
Physics	Elasticity_(physics)
Magnet	Electromagnetic_spectrum
Force	Le_Sage's_theory_of_gravitation
Light	Total_internal_reflection
Acceleration	Gravity_of_Earth
Distance	Electrostatics
Force	Collision
Field_(physics)	Electromagnetic_radiation
Energy	Emission_spectrum
Physics	Frame_of_reference
Speed	Le_Sage's_theory_of_gravitation
Energy	Potential_energy
Frequency	Interference_(wave_propagation)
Energy	Power_(physics)
Coulomb's_law	Electric_potential
Gravity	Projectile_motion
Physics	Electric_potential_energy
Electric_potential_energy	Electrostatics
Position_(vector)	Gravitational_acceleration
Energy	Kinetic_energy
Motion_(physics)	Shock_wave
Electric_field	Dielectric
Physics	Projectile_motion
Euclidean_vector	Position_(vector)
Gravity	Le_Sage's_theory_of_gravitation
Electric_current	Electromotive_force
Physics	Hooke's_law
Motion_(physics)	Velocity
Ray_(optics)	Snell's_law
Contact_force	Friction
Physics	Le_Sage's_theory_of_gravitation
Physics	Refracting_telescope
Electric_field	Electromotive_force
Intensity_(physics)	Sound_intensity
Coulomb's_law	Electromagnetic_spectrum
Physics	Collision
Wavelength	Emission_spectrum
Displacement_(vector)	Free_fall
Light	Electromagnetic_spectrum
Motion_(physics)	Motion_graphs_and_derivatives
Electromagnetic_radiation	Emission_spectrum
Electric_current	Insulator_(electricity)
Refraction	Snell's_law
Distance	Gravity_of_Earth
Mass	Elastic_collision
Field_(physics)	Emission_spectrum
Velocity	Projectile_motion
Euclidean_vector	Electric_potential_energy
Kinetic_energy	Mechanical_energy
Ray_(optics)	Geometrical_optics
Electric_charge	Capacitance
Euclidean_vector	Projectile_motion
Physics	Interference_(wave_propagation)
Displacement_(vector)	Mechanical_energy
Position_(vector)	Electrostatics
Electric_field	Electromagnetic_radiation
Energy	Electrostatics
Physics	Gravitational_constant
Deformation_(engineering)	Hooke's_law
Magnetic_field	Electromotive_force
Speed	Relative_velocity
Motion_(physics)	Elastic_collision
Displacement_(vector)	Equations_of_motion
Gravitational_acceleration	Free_fall
Motion_(physics)	Electric_potential
Motion_(physics)	Equations_of_motion
Force	Fatigue_(material)
Scalar_(mathematics)	Scalar_multiplication
Work_(physics)	Electric_potential
Wave	Doppler_effect
Physics	Transmission_medium
Ohm's_law	Electrical_resistance_and_conductance
Motion_(physics)	Acceleration
Wave	Snell's_law
Physics	Electrical_conductor
Refraction	Refracting_telescope
Wave	Rarefaction
Physics	Shock_wave
Field_(physics)	Gravitational_field
Position_(vector)	Gravity_of_Earth
Relative_velocity	Elastic_collision
Color	Pigment
Mass	Inelastic_collision
Angle_of_incidence	Specular_reflection
Speed	Free_fall
Physics	Electric_field
Electric_field	Emission_spectrum
Magnetic_field	Electromagnetic_radiation
Physics	Velocity
Insulator_(electricity)	Dielectric
Physics	Fatigue_(material)
Displacement_(vector)	Electric_potential_energy
Motion_(physics)	Work_(physics)
Energy	Electromotive_force
Newton's_law_of_universal_gravitation	Gravitational_constant
Distance	Projectile_motion
Sound	Sound_intensity
Force	Mechanical_energy
Velocity	Relative_velocity
Motion_(physics)	Refractive_index
Distance	Le_Sage's_theory_of_gravitation
Telescope	Refracting_telescope
Physics	Force
Motion_(physics)	Inertial_frame_of_reference
Physics	Reflection_(physics)
Force	Magnetism
Voltage	Series_and_parallel_circuits
Speed	Doppler_effect
Frequency	Absorption_spectroscopy
Force	Creep_(deformation)
Frequency	Electromagnetic_spectrum
Force	Equations_of_motion
Speed	Snell's_law
Angle_of_incidence	Refractive_index
Electric_current	Series_and_parallel_circuits
Physics	Sound_intensity
Force	Normal_force
Wavelength	Doppler_effect
Magnetic_field	Emission_spectrum
Physics	Total_internal_reflection
Velocity	Free_fall
Force	Gravity
Light	Photoelectric_effect
Elasticity_(physics)	Hooke's_law
Force	Acceleration
Physics	Magnetism
Elasticity_(physics)	Hardness
Wavelength	Snell's_law
Length	Hooke's_law
Physics	Snell's_law
Force	Electromagnetic_spectrum
Coulomb's_law	Electrostatics
Deformation_(engineering)	Fatigue_(material)
Physics	Elastic_collision
Electric_current	Electrical_conductor
Physics	Creep_(deformation)
Magnet	Magnetic_field
Physics	Rarefaction
Physics	Equations_of_motion
Potential_energy	Mechanical_energy
Motion_(physics)	Potential_energy
Distance	Displacement_(vector)
Physics	Normal_force
Energy	Electric_potential_energy
Distance	Speed
Position_(vector)	Projectile_motion
Velocity	Mechanical_energy
Voltage	Ohm's_law
Acceleration	Free_fall
Work_(physics)	Potential_energy
Displacement_(vector)	Gravitational_acceleration
Voltage	Voltmeter
Wave	Interference_(wave_propagation)
Physics	Acceleration
Velocity	Doppler_effect
Physics	Absorption_spectroscopy
Euclidean_vector	Mechanical_energy
Force	Deformation_(engineering)
Physics	Electromagnetic_spectrum
Force	Hardness
Sound	Sonic_boom
Light	Virtual_image
Distance	Gravitational_field
Distance	Relative_velocity
Speed	Projectile_motion
Fracture	Hardness
Position_(vector)	Potential_energy
Force	Inelastic_collision
Wave	Wavelength
Coulomb's_law	Dielectric
Euclidean_vector	Equations_of_motion
Physics	Friction
Strength_of_materials	Hardness
Coulomb's_law	Electromotive_force
Physics	Deformation_(engineering)
Light	Specular_reflection
Physics	Hardness
Wave	Transmission_medium
Magnet	Electromagnetic_radiation
Deformation_(engineering)	Creep_(deformation)
Field_(physics)	Electric_potential_energy
Euclidean_vector	Acceleration
Physics	Inelastic_collision
Distance	Free_fall
Potential_energy	Electric_potential_energy
Displacement_(vector)	Motion_graphs_and_derivatives
Refraction	Total_internal_reflection
Motion_(physics)	Electrostatics
Wave	Shock_wave
Amplitude	Standing_wave
Position_(vector)	Displacement_(vector)
Force	Gravitational_constant
Voltage	Capacitance
Light	Dispersion_(optics)
Color	Dispersion_(optics)
Deformation_(engineering)	Elasticity_(physics)
Physics	Energy_level
Work_(physics)	Electrostatics
Distance	Newton's_law_of_universal_gravitation
Wavelength	Interference_(wave_propagation)
Collision	Inelastic_collision
Force	Gravitational_acceleration
Mass	Gravity_of_Earth
Distance	Mechanical_energy
Elasticity_(physics)	Fatigue_(material)
Coulomb's_law	Electromagnetic_radiation
Distance	Doppler_effect
Ohm's_law	Series_and_parallel_circuits
Gravity	Gravitational_constant
Electric_current	Electromagnetic_spectrum
Kinetic_energy	Elastic_collision
Wave	Reflection_(physics)
Physics	Wavelength
Magnet	Emission_spectrum
Distance	Snell's_law
Elasticity_(physics)	Strength_of_materials
Deformation_(engineering)	Hardness
Acceleration	Projectile_motion
Gravity	Gravitational_acceleration
Reflection_(physics)	Total_internal_reflection
Frequency	Standing_wave
Displacement_(vector)	Electric_potential
Distance	Equations_of_motion
Energy	Shock_wave
Physics	Gravitational_acceleration
Energy	Electric_field
Motion_(physics)	Gravity_of_Earth
Force	Intensity_(physics)
Field_line	Electrostatics
Laser	Electron
Velocity	Interference_(wave_propagation)
Planet	Field_(physics)
Mass	Energy
Gravity_of_Earth	Distance
Mirror_image	Virtual_image
Contact_force	Newton's_laws_of_motion
Free_fall	Gravitational_acceleration
Mechanical_energy	Electron
Speed	Intensity_(physics)
Work_(physics)	Electromotive_force
Electron	Magnetic_field
Virtual_image	Geometrical_optics
Newton's_laws_of_motion	Motion_(physics)
Physics	Euclidean_vector
Hertz	Magnetic_field
Gravity_of_Earth	Motion_(physics)
Potential_energy	Gravitational_acceleration
Electric_potential	Coulomb's_law
Capacitance	Voltage
Gravitational_field	Distance
Length	Magnetism
Wavelength	Velocity
Electrical_conductor	Electric_current
Deformation_(engineering)	Physics
Scattering	Resonance_(particle_physics)
Magnet	Speed
Gravitational_constant	Newton's_law_of_universal_gravitation
Temperature	Electrical_resistance_and_conductance
Snell's_law	Amplitude
Fracture	Plasticity_(physics)
Electromagnetic_radiation	Electric_field
Electrostatics	Potential_energy
Coulomb	Coulomb's_law
Free_fall	Velocity
Frequency	Dielectric
Equations_of_motion	Mass
Torque	Mass
Mass	Magnet
Electromagnetic_spectrum	Magnetic_field
Photoelectric_effect	Energy
Kilogram	Gravitational_field
Wavelength	Reflection_(physics)
Virtual_image	Refracting_telescope
Creep_(deformation)	Hooke's_law
Length	Acceleration
Length	Absorption_spectroscopy
Kinetic_energy	Motion_(physics)
Magnetic_field	Magnet
Energy_level	Electromagnetic_radiation
Velocity	Shock_wave
Dielectric	Speed
Length	Electromagnetic_spectrum
Torque	Lever
Emission_spectrum	Magnetic_field
Lever	Friction
Wavelength	Telescope
Le_Sage's_theory_of_gravitation	Force
Mass	Emission_spectrum
Mechanical_energy	Friction
Huygens–Fresnel_principle	Amplitude
Gravitational_field	Potential_energy
Electrical_resistance_and_conductance	Electrical_conductor
Total_internal_reflection	Refraction
Shock_wave	Speed
Motion_graphs_and_derivatives	Velocity
Wavelength	Electron
Length	Work_(physics)
Torque	Joule
Dispersion_(optics)	Physics
Telescope	Interference_(wave_propagation)
Distance	Interference_(wave_propagation)
Length	Friction
Dielectric	Electrical_conductor
Electrostatics	Displacement_(vector)
Force	Capacitance
Ray_(optics)	Refraction
Gravity	Electric_potential
Interference_(wave_propagation)	Wavelength
Electromagnetic_radiation	Electron
Kilogram	Force
Electromotive_force	Coulomb's_law
Acceleration	Velocity
Electric_potential	Voltmeter
Dielectric	Electric_field
Frequency	Electromagnetic_radiation
Voltage	Photoelectric_effect
Le_Sage's_theory_of_gravitation	Electron
Temperature	Energy
Gravitational_acceleration	Distance
Voltage	Standing_wave
Le_Sage's_theory_of_gravitation	Magnetism
Hardness	Force
Elastic_collision	Inertial_frame_of_reference
Elastic_collision	Distance
Acceleration	Force
Force	Compass
Mass	Displacement_(vector)
Field_(physics)	Equations_of_motion
Velocity	Electron
Elastic_collision	Inelastic_collision
Interference_(wave_propagation)	Wave
Equations_of_motion	Position_(vector)
Hooke's_law	Energy
Mass	Speed
Force	Inertial_frame_of_reference
Mechanical_energy	Physics
Velocity	Magnetism
Geometrical_optics	Ray_(optics)
Electrostatics	Electric_field
Sonic_boom	Physics
Ray_(optics)	Transverse_wave
Potential_energy	Gravity_of_Earth
Electromagnetic_radiation	Acceleration
Free_fall	Acceleration
Physical_quantity	Position_(vector)
Elastic_collision	Motion_(physics)
Gravity	Friction
Speed	Distance
Mass	Field_line
Inertial_frame_of_reference	Acceleration
Gravitational_field	Field_line
Force	Motion_(physics)
Potential_energy	Acceleration
Temperature	Magnet
Electrostatics	Force
Coulomb's_law	Newton's_law_of_universal_gravitation
Wave	Frequency
Geometrical_optics	Plane_mirror
Temperature	Hooke's_law
Dielectric	Electron
Kinetic_energy	Photoelectric_effect
Frequency	Crest_(physics)
Hertz	Pitch_(music)
Voltage	Dielectric
Reflection_(physics)	Refraction
Mass	Electric_field
Plasticity_(physics)	Force
Absorption_spectroscopy	Refraction
Le_Sage's_theory_of_gravitation	Friction
Coulomb	Joule
Potential_energy	Work_(physics)
Magnetic_field	Shock_wave
Metre	Gravity_of_Earth
Torque	Hooke's_law
Doppler_effect	Motion_(physics)
Frequency	Amplitude
Potential_energy	Friction
Elasticity_(physics)	Wave
Motion	Newton's_laws_of_motion
Mechanical_energy	Euclidean_vector
Series_and_parallel_circuits	Electric_current
Collision	Friction
Rarefaction	Shock_wave
Diffraction	Laser
Laser	Intensity_(physics)
Velocity	Friction
Wavelength	Energy_level
Hardness	Elasticity_(physics)
Electric_potential	Energy
Standing_wave	Amplitude
Electric_potential	Position_(vector)
Standing_wave	Frequency
Length	Euclidean_vector
Euclidean_vector	Friction
Hertz	Photoelectric_effect
Real_image	Refractive_index
Energy	Gravitational_acceleration
Hertz	Standing_wave
Refracting_telescope	Snell's_law
Capacitance	Joule
Standing_wave	Wave
Coulomb	Energy
Wavelength	Pigment
Total_internal_reflection	Refractive_index
Electromagnetic_spectrum	Refraction
Metre	Work_(physics)
Potential_energy	Energy_level
Electromotive_force	Magnetic_field
Length	Torque
Voltage	Electromagnetic_radiation
Ray_(optics)	Refractive_index
Le_Sage's_theory_of_gravitation	Physics
Emission_spectrum	Electric_current
Electromagnetic_radiation	Coulomb's_law
Metre	Refractive_index
Metre	Electromagnetic_radiation
Electromagnetic_spectrum	Photoelectric_effect
Wavelength	Light
Scattering	Refractive_index
Scattering	Electromagnetic_radiation
Force	Speed
Transverse_wave	Electromagnetic_radiation
Insulator_(electricity)	Electric_field
Reflection_(physics)	Dielectric
Magnetic_field	Magnetism
Virtual_image	Real_image
Electromagnetic_radiation	Light
Snell's_law	Distance
Collision	Scattering
Interference_(wave_propagation)	Diffraction
Frequency	Mass
Electrostatics	Electric_potential_energy
Inelastic_collision	Kinetic_energy
Magnetic_field	Electric_potential
Power_(physics)	Electric_current
Electric_field	Refractive_index
Refraction	Electromagnetic_radiation
Electromagnetic_spectrum	Transverse_wave
Gravitational_constant	Force
Force	Field_line
Motion_graphs_and_derivatives	Physics
Collision	Kinetic_energy
Hertz	Dielectric
Inertial_frame_of_reference	Light
Collision	Newton's_laws_of_motion
Mechanical_energy	Magnetic_field
Refraction	Geometrical_optics
Temperature	Shock_wave
Doppler_effect	Speed
Electromotive_force	Energy
Hardness	Physics
Photoelectric_effect	Electron
Magnetic_field	Acceleration
Potential_energy	Wave
Length	Tension_(physics)
Plasticity_(physics)	Deformation_(engineering)
Displacement_(vector)	Position_(vector)
Planet	Gravitational_acceleration
Length	Magnetic_field
Acceleration	Physics
Gravity	Torque
Field_(physics)	Electric_current
Dielectric	Physics
Telescope	Refractive_index
Inertial_frame_of_reference	Euclidean_vector
Equations_of_motion	Velocity
Frequency	Huygens–Fresnel_principle
Electric_potential_energy	Work_(physics)
Hardness	Fracture
Gravitational_acceleration	Gravity_of_Earth
Energy_level	Energy
Joule	Electric_potential
Newton's_law_of_universal_gravitation	Newton's_laws_of_motion
Electromagnetic_spectrum	Dielectric
Insulator_(electricity)	Electron
Velocity	Euclidean_vector
Normal_force	Acceleration
Shock_wave	Physics
Creep_(deformation)	Deformation_(engineering)
Voltage	Amplitude
Gravity	Mass
Length	Capacitance
Total_internal_reflection	Wave
Metre	Frequency
Metre	Light
Absorption_spectroscopy	Electromagnetic_radiation
Wave	Energy
Photoelectric_effect	Acceleration
Motion_graphs_and_derivatives	Euclidean_vector
Gravity_of_Earth	Newton's_laws_of_motion
Electrostatics	Physics
Hooke's_law	Force
Direction_(geometry)	Acceleration
Electric_potential	Displacement_(vector)
Total_internal_reflection	Angle_of_incidence
Electric_field	Coulomb's_law
Electromotive_force	Magnet
Light	Fracture
Optical_microscope	Interference_(wave_propagation)
Electron	Voltage
Refractive_index	Electron
Scattering	Wave
Huygens–Fresnel_principle	Interference_(wave_propagation)
Length	Energy
Hertz	Voltage
Displacement_(vector)	Hooke's_law
Plasticity_(physics)	Physics
Temperature	Electron
Velocity	Torque
Ray_(optics)	Angle_of_incidence
Hertz	Sonic_boom
Gravitational_constant	Gravity
Normal_force	Friction
Acceleration	Euclidean_vector
Gravitational_field	Newton's_laws_of_motion
Temperature	Magnetism
Inelastic_collision	Mass
Joule	Work_(physics)
Non-inertial_reference_frame	Physics
Gravitational_field	Field_(physics)
Collision	Mass
Temperature	Creep_(deformation)
Electric_field	Wave
Mechanical_energy	Motion_(physics)
Mass	Physics
Work_(physics)	Distance
Snell's_law	Refraction
Wavelength	Specular_reflection
Wave	Magnet
Electromagnetic_radiation	Magnetic_field
Refraction	Angle_of_incidence
Compression_(physics)	Tension_(physics)
Electromagnetic_spectrum	Electromagnetic_radiation
Planet	Telescope
Electric_potential	Electric_field
Electromagnetic_spectrum	Voltage
Metre	Torque
Electrical_resistance_and_conductance	Ohm's_law
Light	Intensity_(physics)
Wave	Hooke's_law
Electric_potential_energy	Coulomb's_law
Euclidean_vector	Direction_(geometry)
Electrostatics	Euclidean_vector
Energy	Refractive_index
Inertial_frame_of_reference	Magnetic_field
Length	Magnet
Emission_spectrum	Electromagnetic_radiation
Tension_(physics)	Acceleration
Wavelength	Diffraction
Distance	Wave
Coulomb	Electric_field
Electromagnetic_spectrum	Frame_of_reference
Potential_energy	Joule
Electric_potential	Force
Power_(physics)	Work_(physics)
Velocity	Tension_(physics)
Equations_of_motion	Acceleration
Velocity	Magnetic_field
Contact_force	Electron
Mechanical_energy	Potential_energy
Torque	Acceleration
Specular_reflection	Reflection_(physics)
Absorption_spectroscopy	Frequency
Hooke's_law	Acceleration
Capacitance	Electric_charge
Dispersion_(optics)	Refraction
Speed	Sonic_boom
Wavelength	Energy
Metre	Electrical_resistance_and_conductance
Magnetism	Temperature
Gravity_of_Earth	Mass
Force	Frame_of_reference
Temperature	Friction
Power_(physics)	Electromagnetic_radiation
Absorption_spectroscopy	Wave
Photoelectric_effect	Physics
Coulomb	Force
Length	Potential_energy
Length	Power_(physics)
Hertz	Frequency
Geometrical_optics	Amplitude
Displacement_(vector)	Speed
Electromagnetic_radiation	Energy
Elastic_collision	Le_Sage's_theory_of_gravitation
Metre	Free_fall
Intensity_(physics)	Velocity
Sound_intensity	Amplitude
Torque	Work_(physics)
Rarefaction	Wave
Gravitational_field	Mass
Coulomb's_law	Electron
Torque	Friction
Inelastic_collision	Energy
Magnetism	Magnet
Length	Plane_mirror
Crest_(physics)	Physics
Distance	Torque
Length	Stiffness
Dielectric	Magnetic_field
Gravitational_constant	Physics
Potential_energy	Energy
Coulomb's_law	Magnetism
Metre	Joule
Collision	Energy
Potential_energy	Position_(vector)
Hooke's_law	Deformation_(engineering)
Transmission_medium	Physics
Refracting_telescope	Telescope
Elastic_collision	Kinetic_energy
Optical_microscope	Telescope
Energy	Scattering
Velocity	Energy
Electromagnetic_spectrum	Amplitude
Kinetic_energy	Mass
Gravitational_field	Free_fall
Coulomb	Electron
Mechanical_energy	Displacement_(vector)
Planet	Work_(physics)
Electromagnetic_spectrum	Field_(physics)
Diffraction	Energy_level
Temperature	Energy_level
Mechanical_energy	Speed
Optical_microscope	Virtual_image
Dielectric	Capacitance
Distance	Direction_(geometry)
Le_Sage's_theory_of_gravitation	Motion_(physics)
Friction	Normal_force
Standing_wave	Interference_(wave_propagation)
Energy	Frequency
Electrostatics	Magnetic_field
Refractive_index	Physics
Length	Displacement_(vector)
Projectile_motion	Mass
Emission_spectrum	Frequency
Electromagnetic_radiation	Magnet
Emission_spectrum	Field_(physics)
Diffraction	Physics
Electric_field	Newton's_law_of_universal_gravitation
Length	Speed
Wavelength	Ray_(optics)
Inertial_frame_of_reference	Motion_(physics)
Free_fall	Projectile_motion
Electroscope	Electric_field
Electromotive_force	Force
Absorption_spectroscopy	Mass
Energy	Wave
Refractive_index	Wavelength
Photoelectric_effect	Intensity_(physics)
Metre	Energy
Gravitational_field	Mechanical_energy
Position_(vector)	Euclidean_vector
Potential_energy	Magnet
Dispersion_(optics)	Dielectric
Wavelength	Laser
Electron	Mass
Capacitance	Electron
Potential_energy	Hooke's_law
Distance	Mirror_image
Kinetic_energy	Joule
Speed	Wave
Hooke's_law	Physics
Wave	Electric_field
Capacitance	Magnetism
Doppler_effect	Amplitude
Wave	Velocity
Motion_graphs_and_derivatives	Motion_(physics)
Electric_potential	Electric_potential_energy
Series_and_parallel_circuits	Electrical_resistance_and_conductance
Field_(physics)	Coulomb's_law
Mass	Magnetic_field
Distance	Specular_reflection
Euclidean_vector	Magnet
Relative_velocity	Velocity
Capacitance	Electric_potential
Snell's_law	Refractive_index
Elastic_collision	Relative_velocity
Electric_field	Energy
Gravitational_field	Equations_of_motion
Electromagnetic_spectrum	Hertz
Collision	Emission_spectrum
Lever	Force
Distance	Capacitance
Wave	Force
Acceleration	Motion_(physics)
Magnetism	Speed
Gravitational_acceleration	Mass
Coulomb	Electric_potential_energy
Energy	Torque
Tension_(physics)	Wave
Shock_wave	Distance
Motion_(physics)	Electron
Velocity	Potential_energy
Velocity	Power_(physics)
Mirror_image	Reflection_(physics)
Euclidean_vector	Tangential_and_normal_components
Elastic_collision	Mass
Elasticity_(physics)	Force
Joule	Electrical_resistance_and_conductance
Refractive_index	Intensity_(physics)
Plane_mirror	Virtual_image
Field_(physics)	Wave
Electroscope	Electron
Length	Force
Metre	Hooke's_law
Electrostatics	Distance
Distance	Energy
Optical_microscope	Refractive_index
Shock_wave	Motion_(physics)
Reflection_(physics)	Snell's_law
Distance	Position_(vector)
Electric_current	Magnet
Real_image	Plane_mirror
Torque	Euclidean_vector
Free_fall	Displacement_(vector)
Power_(physics)	Torque
Dispersion_(optics)	Electromagnetic_radiation
Free_fall	Speed
Doppler_effect	Relative_velocity
Energy	Electrical_resistance_and_conductance
Projectile_motion	Energy
Electrostatics	Motion_(physics)
Electroscope	Electric_potential
Wave	Electron
Kinetic_energy	Temperature
Electric_field	Magnet
Power_(physics)	Ohm
Projectile_motion	Position_(vector)
Creep_(deformation)	Energy
Electric_potential_energy	Energy
Magnetism	Electric_field
Le_Sage's_theory_of_gravitation	Speed
Electric_potential_energy	Position_(vector)
Electric_potential	Physics
Electric_field	Hooke's_law
Gravitational_acceleration	Newton's_law_of_universal_gravitation
Energy	Lever
Displacement_(vector)	Elasticity_(physics)
Inertial_frame_of_reference	Speed
Velocity	Displacement_(vector)
Strength_of_materials	Fatigue_(material)
Electromagnetic_radiation	Electrical_conductor
Wavelength	Electric_field
Frequency	Electron
Magnetism	Force
Frame_of_reference	Acceleration
Ray_(optics)	Interference_(wave_propagation)
Non-inertial_reference_frame	Motion_(physics)
Metre	Interference_(wave_propagation)
Absorption_spectroscopy	Temperature
Distance	Magnet
Energy	Newton's_law_of_universal_gravitation
Motion_graphs_and_derivatives	Displacement_(vector)
Mass	Motion_(physics)
Power_(physics)	Lever
Snell's_law	Light
Specular_reflection	Light
Field_line	Magnetism
Distance	Hooke's_law
Gravity	Force
Electrical_resistance_and_conductance	Electric_current
Field_(physics)	Mass
Velocity	Field_line
Wave	Elasticity_(physics)
Snell's_law	Wave
Coulomb's_law	Electroscope
Relative_velocity	Acceleration
Work_(physics)	Friction
Specular_reflection	Wave
Gravitational_acceleration	Position_(vector)
Joule	Energy
Acceleration	Displacement_(vector)
Potential_energy	Electric_field
Refractive_index	Magnetic_field
Power_(physics)	Joule
Snell's_law	Angle_of_incidence
Temperature	Magnetic_field
Acceleration	Speed
Electromagnetic_radiation	Force
Specular_reflection	Angle_of_incidence
Free_fall	Force
Direction_(geometry)	Compass
Electric_potential	Euclidean_vector
Refracting_telescope	Light
Refractive_index	Specular_reflection
Optical_microscope	Light
Planet	Mass
Inelastic_collision	Force
Dispersion_(optics)	Amplitude
Fatigue_(material)	Temperature
Euclidean_vector	Electric_field
Potential_energy	Force
Torque	Magnetic_field
Refracting_telescope	Wave
Laser	Le_Sage's_theory_of_gravitation
Collision	Force
Virtual_image	Light
Hardness	Plasticity_(physics)
Metre	Electrical_conductor
Interference_(wave_propagation)	Physics
Ohm	Voltage
Field_(physics)	Newton's_law_of_universal_gravitation
Absorption_spectroscopy	Laser
Gravitational_constant	Distance
Refractive_index	Diffraction
Electromotive_force	Physics
Color	Photoelectric_effect
Elasticity_(physics)	Deformation_(engineering)
Planet	Free_fall
Gravitational_field	Gravitational_acceleration
Displacement_(vector)	Physics
Electrical_conductor	Electron
Creep_(deformation)	Stiffness
Intensity_(physics)	Wave
Power_(physics)	Energy
Metre	Electric_field
Frequency	Refractive_index
Metre	Velocity
Capacitance	Electroscope
Magnet	Dielectric
Inelastic_collision	Electron
Energy_level	Physics
Gravity_of_Earth	Velocity
Electric_field	Electrical_conductor
Total_internal_reflection	Reflection_(physics)
Potential_energy	Electron
Kilogram	Gravity_of_Earth
Contact_force	Tension_(physics)
Electric_current	Electric_field
Planet	Newton's_law_of_universal_gravitation
Collision	Electron
Tension_(physics)	Energy
Amplitude	Wavelength
Electron	Interference_(wave_propagation)
Energy	Magnet
Amplitude	Crest_(physics)
Refraction	Shock_wave
Metre	Force
Refractive_index	Distance
Equations_of_motion	Energy
Lever	Physics
Energy	Hooke's_law
Field_(physics)	Energy
Wavelength	Geometrical_optics
Wave	Physics
Electric_potential_energy	Displacement_(vector)
Work_(physics)	Newton's_laws_of_motion
Free_fall	Gravity
Electric_current	Force
Frequency	Energy_level
Reflection_(physics)	Curved_mirror
Electrical_resistance_and_conductance	Electromotive_force
Motion_(physics)	Wave
Refractive_index	Motion_(physics)
Elasticity_(physics)	Physics
Plane_mirror	Light
Velocity	Insulator_(electricity)
Magnetic_field	Speed
Temperature	Motion_(physics)
Le_Sage's_theory_of_gravitation	Gravity
Displacement_(vector)	Euclidean_vector
Field_(physics)	Temperature
Amplitude	Wave
Interference_(wave_propagation)	Intensity_(physics)
Rarefaction	Speed
Planet	Energy
Electromagnetic_spectrum	Interference_(wave_propagation)
Distance	Electric_field
Voltage	Magnetism
Potential_energy	Elasticity_(physics)
Elasticity_(physics)	Fracture
Mirror_image	Light
Magnetic_field	Field_line
Doppler_effect	Distance
Scattering	Electron
Plane_mirror	Angle_of_incidence
Metre	Magnetism
Coulomb	Magnetic_field
Wavelength	Refracting_telescope
Physics	Distance
Newton's_law_of_universal_gravitation	Gravity_of_Earth
Tension_(physics)	Hooke's_law
Inertial_frame_of_reference	Frame_of_reference
Projectile_motion	Velocity
Electrical_resistance_and_conductance	Insulator_(electricity)
Normal_force	Speed
Diffraction	Ray_(optics)
Energy	Interference_(wave_propagation)
Electric_current	Electron
Field_(physics)	Magnet
Friction	Acceleration
Electric_potential_energy	Electric_field
Mirror_image	Wave
Torque	Magnet
Power_(physics)	Laser
Absorption_spectroscopy	Electric_field
Temperature	Emission_spectrum
Distance	Force
Dielectric	Insulator_(electricity)
Electric_current	Magnetism
Specular_reflection	Diffraction
Standing_wave	Wavelength
Electric_field	Electron
Voltmeter	Electromotive_force
Newton's_law_of_universal_gravitation	Acceleration
Normal_force	Gravitational_field
Projectile_motion	Force
Coulomb	Capacitance
Magnetism	Physics
Electrical_resistance_and_conductance	Voltage
Wave	Intensity_(physics)
Frequency	Wave
Acceleration	Gravity
Creep_(deformation)	Force
Position_(vector)	Speed
Le_Sage's_theory_of_gravitation	Collision
Electric_potential_energy	Force
Electromagnetic_spectrum	Transmission_medium
Amplitude	Voltmeter
Stiffness	Hooke's_law
Non-inertial_reference_frame	Gravity_of_Earth
Torque	Potential_energy
Metre	Electromagnetic_spectrum
Transmission_medium	Refraction
Electroscope	Voltmeter
Gravity	Physics
Magnetic_field	Force
Gravitational_field	Electric_potential
Gravity_of_Earth	Acceleration
Electrostatics	Insulator_(electricity)
Wavelength	Physics
Electromagnetic_radiation	Amplitude
Telescope	Electron
Electric_potential	Distance
Distance	Electron
Reflection_(physics)	Telescope
Resultant_force	Work_(physics)
Velocity	Collision
Electromagnetic_spectrum	Electric_current
Dispersion_(optics)	Snell's_law
Hooke's_law	Stiffness
Gravitational_acceleration	Velocity
Electrical_conductor	Physics
Shock_wave	Sonic_boom
Electromagnetic_radiation	Physics
Free_fall	Physics
Gravitational_field	Acceleration
Diffraction	Refraction
Elastic_collision	Velocity
Electric_potential	Motion_(physics)
Refractive_index	Speed
Insulator_(electricity)	Electrical_conductor
Normal_force	Force
Electrostatics	Voltage
Work_(physics)	Lever
Absorption_spectroscopy	Electron
Temperature	Speed
Inelastic_collision	Physics
Inertial_frame_of_reference	Physics
Distance	Scalar_(mathematics)
Voltmeter	Voltage
Potential_energy	Physics
Transverse_wave	Refractive_index
Ohm	Electrical_resistance_and_conductance
Intensity_(physics)	Energy
Kilogram	Newton's_laws_of_motion
Collision	Physics
Refracting_telescope	Magnification
Fatigue_(material)	Force
Direction_(geometry)	Force
Wave	Sound_intensity
Optical_microscope	Magnification
Equations_of_motion	Displacement_(vector)
Equations_of_motion	Speed
Velocity	Physics
Electron	Magnetism
Force	Photoelectric_effect
Speed	Velocity
Scalar_(mathematics)	Hooke's_law
Magnet	Wave
Distance	Elasticity_(physics)
Mass	Refractive_index
Virtual_image	Magnification
Electron	Electric_potential
Projectile_motion	Gravity
Projectile_motion	Acceleration
Mechanical_energy	Elastic_collision
Electrical_resistance_and_conductance	Amplitude
Wave	Magnetic_field
Electromagnetic_spectrum	Telescope
Mass	Sonic_boom
Electric_potential	Potential_energy
Total_internal_reflection	Physics
Stiffness	Displacement_(vector)
Kinetic_energy	Work_(physics)
Ohm	Joule
Scalar_multiplication	Scalar_(mathematics)
Reflection_(physics)	Electromagnetic_spectrum
Free_fall	Euclidean_vector
Kinetic_energy	Friction
Non-inertial_reference_frame	Frame_of_reference
Dielectric	Field_(physics)
Joule	Electron
Electrical_polarity	Electron
Mirror_image	Specular_reflection
Electron	Acceleration
Mass	Frame_of_reference
Power_(physics)	Force
Length	Equations_of_motion
Motion_(physics)	Position_(vector)
Electromagnetic_radiation	Intensity_(physics)
Coulomb	Potential_energy
Scattering	Physics
Equations_of_motion	Electric_field
Potential_energy	Euclidean_vector
Normal_force	Contact_force
Work_(physics)	Energy
Displacement_(vector)	Distance
Total_internal_reflection	Light
Energy	Electron
Work_(physics)	Position_(vector)
Scattering	Wavelength
Strength_of_materials	Plasticity_(physics)
Distance	Collision
Normal_force	Gravity
Optical_microscope	Laser
Energy	Magnetism
Tension_(physics)	Force
Reflection_(physics)	Refractive_index
Pigment	Color
Kilogram	Hertz
Geometrical_optics	Dispersion_(optics)
Electrostatics	Field_(physics)
Wavelength	Huygens–Fresnel_principle
Kilogram	Ohm
Electric_field	Physics
Ray_(optics)	Light
Gravitational_acceleration	Acceleration
Equations_of_motion	Force
Electron	Friction
Intensity_(physics)	Power_(physics)
Displacement_(vector)	Motion_(physics)
Velocity	Intensity_(physics)
Torque	Force
Mirror_image	Energy
Voltage	Electroscope
Transverse_wave	Light
Planet	Velocity
Electromagnetic_spectrum	Absorption_spectroscopy
Kilogram	Mass
Fatigue_(material)	Elasticity_(physics)
Laser	Capacitor
Lever	Distance
Transverse_wave	Wave
Mechanical_energy	Distance
Stiffness	Force
Energy	Acceleration
Refraction	Light
Mechanical_energy	Inelastic_collision
Coulomb's_law	Field_line
Gravitational_acceleration	Friction
Planet	Force
Amplitude	Hooke's_law
Length	Inertial_frame_of_reference
Absorption_spectroscopy	Energy_level
Wavelength	Magnetic_field
Work_(physics)	Hooke's_law
Metre	Intensity_(physics)
Length	Distance
Refraction	Wave
Field_(physics)	Electron
Projectile_motion	Physics
Mass	Wave
Contact_force	Force
Fatigue_(material)	Deformation_(engineering)
Gravitational_field	Wave
Electron	Energy_level
Creep_(deformation)	Physics
Electric_potential_energy	Physics
Electromagnetic_spectrum	Refractive_index
Magnetic_field	Field_(physics)
Field_(physics)	Magnetism
Kilogram	Joule
Coulomb	Electrostatics
Kilogram	Newton's_law_of_universal_gravitation
Energy	Friction
Magnetic_field	Physics
Velocity	Sound_intensity
Diffraction	Electromagnetic_radiation
Inertial_frame_of_reference	Elastic_collision
Absorption_spectroscopy	Wavelength
Potential_energy	Elastic_collision
Refractive_index	Geometrical_optics
Electric_field	Intensity_(physics)
Rarefaction	Physics
Potential_energy	Tension_(physics)
Force	Refractive_index
Creep_(deformation)	Fracture
Diffraction	Geometrical_optics
Potential_energy	Magnetic_field
Temperature	Elasticity_(physics)
Energy	Hardness
Speed	Friction
Reflection_(physics)	Light
Geometrical_optics	Crest_(physics)
Field_line	Magnet
Field_(physics)	Acceleration
Dispersion_(optics)	Phase_velocity
Distance	Euclidean_vector
Normal_force	Physics
Electromotive_force	Electric_current
Metre	Ammeter
Euclidean_vector	Magnetic_field
Capacitance	Field_line
Reflection_(physics)	Wave
Hooke's_law	Elasticity_(physics)
Potential_energy	Capacitance
Magnet	Energy
Capacitance	Electrical_conductor
Projectile_motion	Euclidean_vector
Distance	Intensity_(physics)
Hertz	Light
Fatigue_(material)	Physics
Reflection_(physics)	Angle_of_incidence
Electric_potential	Electromotive_force
Mirror_image	Plane_mirror
Emission_spectrum	Energy_level
Euclidean_vector	Specular_reflection
Electric_potential_energy	Euclidean_vector
Doppler_effect	Sonic_boom
Magnetism	Motion_(physics)
Electron	Wave
Wavelength	Distance
Planet	Absorption_spectroscopy
Stiffness	Elasticity_(physics)
Hertz	Wave
Total_internal_reflection	Specular_reflection
Musical_tone	Hertz
Electromagnetic_spectrum	Coulomb's_law
Metre	Magnetic_field
Specular_reflection	Electron
Electrostatics	Joule
Voltage	Joule
Kilogram	Temperature
Gravity	Motion_(physics)
Energy	Physics
Free_fall	Distance
Intensity_(physics)	Force
Plane_mirror	Curved_mirror
Transmission_medium	Wave
Emission_spectrum	Coulomb's_law
Le_Sage's_theory_of_gravitation	Distance
Force	Coulomb's_law
Emission_spectrum	Wavelength
Speed	Physics
Electromagnetic_spectrum	Light
Electromagnetic_spectrum	Frequency
Dispersion_(optics)	Telescope
Inertial_frame_of_reference	Distance
Le_Sage's_theory_of_gravitation	Inelastic_collision
Collision	Inertial_frame_of_reference
Refractive_index	Amplitude
Potential_energy	Distance
Free_fall	Motion_(physics)
Normal_force	Euclidean_vector
Relative_velocity	Displacement_(vector)
Electric_field	Magnetic_field
Laser	Photoelectric_effect
Force	Kinetic_energy
Speed	Wavelength
Electroscope	Electrical_conductor
Electromagnetic_spectrum	Wave
Velocity	Inertial_frame_of_reference
Relative_velocity	Speed
Wave	Photoelectric_effect
Power_(physics)	Physics
Stiffness	Hardness
Optical_microscope	Electron
Length	Refraction
Laser	Standing_wave
Emission_spectrum	Light
Gravitational_acceleration	Euclidean_vector
Velocity	Distance
Magnetic_field	Ohm's_law
Mass	Joule
Kilogram	Hooke's_law
Distance	Sound_intensity
Refraction	Specular_reflection
Mass	Newton's_law_of_universal_gravitation
Scattering	Diffraction
Potential_energy	Motion_(physics)
Velocity	Inelastic_collision
Electric_current	Capacitance
Electric_potential	Voltage
Transverse_wave	Diffraction
Gravitational_field	Newton's_law_of_universal_gravitation
Gravity	Potential_energy
Hooke's_law	Length
Doppler_effect	Crest_(physics)
Work_(physics)	Velocity
Electrostatics	Position_(vector)
Emission_spectrum	Wave
Deformation_(engineering)	Friction
Motion_graphs_and_derivatives	Distance
Tension_(physics)	Physics
Force	Wave
Length	Photoelectric_effect
Velocity	Motion_(physics)
Motion_(physics)	Force
Equations_of_motion	Physics
Transverse_wave	Energy
Distance	Magnetic_field
Torque	Physics
Coulomb	Voltage
Gravity_of_Earth	Position_(vector)
Doppler_effect	Frequency
Work_(physics)	Force
Elasticity_(physics)	Plasticity_(physics)
Acceleration	Distance
Dielectric	Capacitor
Mass	Rarefaction
Refraction	Energy
Laser	Total_internal_reflection
Plane_mirror	Reflection_(physics)
Doppler_effect	Wave
Absorption_spectroscopy	Magnetic_field
Gravitational_field	Energy
Stiffness	Physics
Mass	Position_(vector)
Force	Electrical_polarity
Kilogram	Interference_(wave_propagation)
Voltage	Magnet
Field_line	Electric_field
Length	Virtual_image
Inertial_frame_of_reference	Gravitational_acceleration
Geometrical_optics	Mirror_image
Contact_force	Physics
Wavelength	Refraction
Mass	Temperature
Kinetic_energy	Energy
Total_internal_reflection	Ray_(optics)
Speed	Torque
Coulomb	Le_Sage's_theory_of_gravitation
Electromagnetic_radiation	Electric_current
Equations_of_motion	Euclidean_vector
Force	Mass
Field_(physics)	Euclidean_vector
Dispersion_(optics)	Refractive_index
Wavelength	Photoelectric_effect
Angle_of_incidence	Electron
Force	Electrical_resistance_and_conductance
Electric_potential	Field_(physics)
Electromotive_force	Voltage
Metre	Potential_energy
Reflection_(physics)	Energy
Capacitance	Electric_potential_energy
Sonic_boom	Acceleration
Electron	Diffraction
Compass	Magnetism
Snell's_law	Physics
Electromagnetic_radiation	Photoelectric_effect
Absorption_spectroscopy	Energy
Specular_reflection	Physics
Potential_energy	Displacement_(vector)
Mass	Hooke's_law
Inelastic_collision	Speed
Electrical_conductor	Electrostatics
Projectile_motion	Distance
Collision	Speed
Electron	Energy
Snell's_law	Wavelength
Velocity	Refraction
Coulomb	Field_(physics)
Work_(physics)	Acceleration
Ray_(optics)	Plane_mirror
Electric_potential_energy	Distance
Distance	Motion_(physics)
Hertz	Energy
Energy	Magnetic_field
Reflection_(physics)	Magnification
Mechanical_energy	Work_(physics)
Collision	Photoelectric_effect
Laser	Refractive_index
Field_line	Electron
Force	Joule
Sound_intensity	Energy
Laser	Electromagnetic_radiation
Transmission_medium	Rarefaction
Projectile_motion	Motion_(physics)
Length	Dispersion_(optics)
Euclidean_vector	Speed
Refracting_telescope	Physics
Electromagnetic_radiation	Telescope
Electric_potential_energy	Motion_(physics)
Ohm's_law	Electromotive_force
Energy	Capacitance
Newton's_law_of_universal_gravitation	Speed
Magnetism	Electromotive_force
Magnet	Force
Dielectric	Electric_current
Length	Refractive_index
Intensity_(physics)	Physics
Kinetic_energy	Potential_energy
Dispersion_(optics)	Wavelength
Electromagnetic_spectrum	Energy
Metre	Speed
Elastic_collision	Energy
Length	Sonic_boom
Gravity_of_Earth	Displacement_(vector)
Transverse_wave	Speed
Gravity_of_Earth	Speed
Scalar_(mathematics)	Euclidean_vector
Hardness	Strength_of_materials
Interference_(wave_propagation)	Amplitude
Interference_(wave_propagation)	Frequency
Emission_spectrum	Energy
Dispersion_(optics)	Light
Force	Energy
Equations_of_motion	Magnetic_field
Free_fall	Gravity_of_Earth
Force	Position_(vector)
Electromagnetic_spectrum	Temperature
Electric_potential_energy	Potential_energy
Absorption_spectroscopy	Emission_spectrum
Sound_intensity	Sound
Displacement_(vector)	Amplitude
Electromotive_force	Field_(physics)
Coulomb	Ohm
Force	Non-inertial_reference_frame
Acceleration	Motion_graphs_and_derivatives
Torque	Equations_of_motion
Gravitational_acceleration	Motion_(physics)
Refraction	Speed
Gravity_of_Earth	Gravitational_field
Dispersion_(optics)	Wave
Magnet	Electron
Gravitational_field	Speed
Kilogram	Electron
Coulomb	Mass
Laser	Scattering
Force	Temperature
Electric_field	Photoelectric_effect
Electric_current	Electrostatics
Reflection_(physics)	Plane_mirror
Insulator_(electricity)	Capacitor
Friction	Force
Motion_(physics)	Physics
Velocity	Dielectric
Ohm's_law	Voltage
Crystallinity	Hardness
Wavelength	Dispersion_(optics)
Electromagnetic_spectrum	Magnet
Planet	Magnetic_field
Sound_intensity	Power_(physics)
Energy	Motion_(physics)
Kilogram	Electric_potential
Work_(physics)	Physics
Electrical_resistance_and_conductance	Electron
Mechanical_energy	Kinetic_energy
Field_(physics)	Diffraction
Laser	Light
Newton's_law_of_universal_gravitation	Force
Wave	Amplitude
Wavelength	Refractive_index
Frame_of_reference	Physics
Emission_spectrum	Magnet
Force	Magnet
Wavelength	Electromagnetic_radiation
Speed	Motion_(physics)
Mass	Shock_wave
Projectile_motion	Displacement_(vector)
Geometrical_optics	Interference_(wave_propagation)
Crest_(physics)	Interference_(wave_propagation)
Planet	Capacitance
Newton's_laws_of_motion	Force
Gravitational_field	Electric_field
Projectile_motion	Speed
Physics	Temperature
Kilogram	Acceleration
Electromagnetic_radiation	Refractive_index
Gravity_of_Earth	Force
Mirror_image	Physics
Power_(physics)	Motion_(physics)
Magnetic_field	Electric_current
Elastic_collision	Potential_energy
Sonic_boom	Wave
Light	Electron
Relative_velocity	Physics
Free_fall	Voltage
Electromotive_force	Ohm
Velocity	Dispersion_(optics)
Equations_of_motion	Distance
Le_Sage's_theory_of_gravitation	Electromagnetic_radiation
Length	Wave
Electron	Speed
Electrostatics	Electron
Gravitational_field	Force
Hertz	Speed
Dispersion_(optics)	Color
Potential_energy	Voltage
Kilogram	Work_(physics)
Electromotive_force	Coulomb
Euclidean_vector	Scalar_(mathematics)
Geometrical_optics	Curved_mirror
Friction	Contact_force
Equations_of_motion	Motion_(physics)
Refractive_index	Interference_(wave_propagation)
Gravity	Refracting_telescope
Velocity	Electromagnetic_radiation
Sound_intensity	Speed
Work_(physics)	Euclidean_vector
Field_(physics)	Motion_(physics)
Wavelength	Le_Sage's_theory_of_gravitation
Mass	Telescope
Standing_wave	Physics
Kilogram	Hardness
Power_(physics)	Potential_energy
Amplitude	Intensity_(physics)
Gravitational_acceleration	Displacement_(vector)
Reflection_(physics)	Electric_field
Real_image	Geometrical_optics
Hardness	Friction
Gravitational_acceleration	Speed
Electrical_resistance_and_conductance	Friction
Contact_force	Distance
Doppler_effect	Laser
Hardness	Deformation_(engineering)
Mass	Electron
Newton's_law_of_universal_gravitation	Gravity
Electromagnetic_spectrum	Speed
Physics	Laser
Elastic_collision	Speed
Total_internal_reflection	Geometrical_optics
Planet	Motion_(physics)
Distance	Dielectric
Dielectric	Friction
Wave	Mass
Optical_microscope	Real_image
Mechanical_energy	Mass
Wavelength	Frequency
Insulator_(electricity)	Electric_current
Tangential_and_normal_components	Magnetic_field
Collision	Le_Sage's_theory_of_gravitation
Inelastic_collision	Collision
Energy	Speed
Mass	Electric_potential
Newton's_laws_of_motion	Acceleration
Velocity	Le_Sage's_theory_of_gravitation
Wavelength	Optical_microscope
Length	Mass
Wavelength	Wave
Electromagnetic_spectrum	Electrical_conductor
Optical_microscope	Diffraction
Electrostatics	Work_(physics)
Color	Refractive_index
Electric_current	Voltage
Fatigue_(material)	Plasticity_(physics)
Electromagnetic_radiation	Field_(physics)
Dispersion_(optics)	Diffraction
Length	Electrical_resistance_and_conductance
Non-inertial_reference_frame	Acceleration
Voltage	Electric_potential_energy
Huygens–Fresnel_principle	Diffraction
Inertial_frame_of_reference	Newton's_laws_of_motion
Velocity	Scattering
Mass	Acceleration
Sound_intensity	Force
Energy_level	Mechanical_energy
Electric_field	Voltage
Electromagnetic_spectrum	Electric_field
Gravitational_field	Gravity
Refractive_index	Refraction
Snell's_law	Motion_(physics)
Length	Lever
Temperature	Refraction
Reflection_(physics)	Electron
Dispersion_(optics)	Energy
Distance	Dispersion_(optics)
Velocity	Kinetic_energy
Le_Sage's_theory_of_gravitation	Wave
Mechanical_energy	Joule
Magnet	Fracture
Ohm's_law	Ohm
Force	Shock_wave
Gravitational_acceleration	Force
Emission_spectrum	Electric_field
Force	Electric_field
Equations_of_motion	Electric_current
Length	Mirror_image
Velocity	Field_(physics)
Force	Velocity
Optical_microscope	Distance
Work_(physics)	Magnetic_field
Electromagnetic_spectrum	Force
Mass	Work_(physics)
Elastic_collision	Force
Hertz	Electron
Velocity	Wave
Mass	Friction
Field_(physics)	Speed
Distance	Sonic_boom
Dielectric	Coulomb's_law
Wavelength	Hertz
Snell's_law	Ray_(optics)
Friction	Physics
Specular_reflection	Ray_(optics)
Diffraction	Reflection_(physics)
Emission_spectrum	Force
Plane_mirror	Specular_reflection
Joule	Electromotive_force
Laser	Energy
Mirror_image	Magnetic_field
Light	Pigment
Electromagnetic_radiation	Hertz
Doppler_effect	Velocity
Wavelength	Mass
Light	Scattering
Ohmmeter	Electrical_resistance_and_conductance
Relative_velocity	Magnetic_field
Light	Wavelength
Mechanical_energy	Energy
Newton's_law_of_universal_gravitation	Physics
Field_(physics)	Field_line
Length	Snell's_law
Sonic_boom	Energy
Inertial_frame_of_reference	Relative_velocity
Mechanical_energy	Position_(vector)
Electromagnetic_spectrum	Electron
Plane_mirror	Diffraction
Free_fall	Mass
Electric_current	Amplitude
Dielectric	Wave
Equations_of_motion	Transverse_wave
Electrostatics	Coulomb's_law
Hooke's_law	Plasticity_(physics)
Strength_of_materials	Force
Series_and_parallel_circuits	Voltage
Newton's_laws_of_motion	Physics
Transverse_wave	Physics
Gravity_of_Earth	Physics
Length	Position_(vector)
Le_Sage's_theory_of_gravitation	Mass
Field_line	Magnetic_field
Electric_field	Amplitude
Emission_spectrum	Electron
Velocity	Hertz
Force	Electron
Inertial_frame_of_reference	Mass
Electric_field	Field_(physics)
Velocity	Ohm
Potential_energy	Mass
Refractive_index	Dielectric
Shock_wave	Wave
Virtual_image	Ray_(optics)
Temperature	Dielectric
Refraction	Physics
Dispersion_(optics)	Laser
Electron	Electric_potential_energy
Gravitational_acceleration	Gravity
Gravitational_field	Physics
Velocity	Mass
Field_(physics)	Force
Electrostatics	Electroscope
Mechanical_energy	Magnet
Snell's_law	Speed
Lever	Hooke's_law
Sonic_boom	Sound
Torque	Dielectric
Distance	Amplitude
Doppler_effect	Electron
Free_fall	Newton's_law_of_universal_gravitation
Work_(physics)	Motion_(physics)
Torque	Gravity_of_Earth
Distance	Field_(physics)
Physics	Electron
Metre	Ohm
Velocity	Lever
Kinetic_energy	Physics
Subtractive_color	Pigment
Free_body_diagram	Friction
Frame_of_reference	Motion_(physics)
Energy	Voltage
Relative_velocity	Distance
Refracting_telescope	Refraction
Energy	Elasticity_(physics)
Gravity	Equations_of_motion
Joule	Electric_potential_energy
Gravity_of_Earth	Euclidean_vector
Electric_potential_energy	Field_(physics)
Electromagnetic_radiation	Snell's_law
Velocity	Joule
Compass	Magnet
Reflection_(physics)	Physics
Velocity	Newton's_law_of_universal_gravitation
Collision	Mechanical_energy
Dispersion_(optics)	Speed
Relative_velocity	Motion_(physics)
Position_(vector)	Scalar_multiplication
Absorption_spectroscopy	Physics
Deformation_(engineering)	Force
Power_(physics)	Voltage
Doppler_effect	Gravity
Laser	Interference_(wave_propagation)
Temperature	Refractive_index
Temperature	Electromagnetic_radiation
Strength_of_materials	Elasticity_(physics)
Free_fall	Position_(vector)
Wavelength	Temperature
Elastic_collision	Collision
Temperature	Sonic_boom
Le_Sage's_theory_of_gravitation	Energy
Hooke's_law	Friction
Energy	Le_Sage's_theory_of_gravitation
Velocity	Snell's_law
Sound_intensity	Physics
Inertial_frame_of_reference	Non-inertial_reference_frame
Length	Interference_(wave_propagation)
Equations_of_motion	Voltage
Photoelectric_effect	Light
Specular_reflection	Dielectric
Field_(physics)	Elasticity_(physics)
Kinetic_energy	Intensity_(physics)
Velocity	Position_(vector)
Total_internal_reflection	Snell's_law
Gravitational_acceleration	Physics
Strength_of_materials	Deformation_(engineering)
Laser	Curved_mirror
Electromotive_force	Electric_field
Velocity	Normal_force
Distance	Mass
Photoelectric_effect	Wave
Kilogram	Energy
Coulomb	Magnetism
Geometrical_optics	Light
Electromagnetic_spectrum	Physics
Distance	Electrical_resistance_and_conductance
Elastic_collision	Physics
Motion_graphs_and_derivatives	Position_(vector)
Voltage	Magnetic_field
Temperature	Le_Sage's_theory_of_gravitation
Velocity	Temperature
Coulomb	Electric_potential
Electric_potential	Acceleration
Work_(physics)	Displacement_(vector)
Electromagnetic_spectrum	Wavelength
Crest_(physics)	Wave
Work_(physics)	Speed
Distance	Lever
Emission_spectrum	Physics
Force	Physics
Transverse_wave	Tension_(physics)
Transverse_wave	Magnetic_field
Amplitude	Photoelectric_effect
Gravity_of_Earth	Magnetic_field
Acceleration	Position_(vector)
Dielectric	Energy
Electroscope	Photoelectric_effect
Ray_(optics)	Real_image
Power_(physics)	Amplitude
Energy_level	Standing_wave
Electrical_resistance_and_conductance	Temperature
Electric_potential	Work_(physics)
Mechanical_energy	Velocity
Telescope	Newton's_law_of_universal_gravitation
Mass	Tension_(physics)
Kilogram	Magnet
Shock_wave	Energy
Sound_intensity	Intensity_(physics)
Strength_of_materials	Physics
Doppler_effect	Physics
Dispersion_(optics)	Electron
Refractive_index	Wave
Normal_force	Mass
Equations_of_motion	Newton's_laws_of_motion
Diffraction	Wave
Frequency	Refraction
Electromotive_force	Electron
Planet	Le_Sage's_theory_of_gravitation
Length	Velocity
Electrostatics	Energy
Equations_of_motion	Amplitude
Snell's_law	Geometrical_optics
Series_and_parallel_circuits	Ohm's_law
Refracting_telescope	Dispersion_(optics)
Refractive_index	Angle_of_incidence
Electromagnetic_radiation	Interference_(wave_propagation)
Doppler_effect	Wavelength
Field_(physics)	Amplitude
Mechanical_energy	Force
Coulomb	Friction
Hooke's_law	Frequency
Electrical_resistance_and_conductance	Magnet
Planet	Collision
Friction	Inelastic_collision
Strength_of_materials	Fracture
Telescope	Snell's_law
Frequency	Photoelectric_effect
Equations_of_motion	Wave
Kilogram	Potential_energy
Newton's_law_of_universal_gravitation	Distance
Normal_force	Free_fall
Force	Euclidean_vector
Kilogram	Power_(physics)
Dielectric	Hooke's_law
